bitcoin_volume,bitcoin_close,ethereum_volume,ethereum_close,ripple_volume,ripple_close,bitcoin-cash_volume,bitcoin-cash_close,eos_volume,eos_close,stellar_volume,stellar_close,litecoin_volume,litecoin_close,tether_volume,tether_close,monero_volume,monero_close
4076220000,6512.71,2232190000,211.75,269029000,0.277159,391070000,508.62,606576000,5.27,49018400,0.201743,336190000,56.58,2804570000,1.0,43837300,116.97
4210910000,6517.31,2330720000,211.35,311799000,0.280583,384914000,520.63,718438000,5.39,68042900,0.207806,295074000,54.54,3009780000,1.01,42702500,112.03
4064230000,6351.8,1874850000,183.33,298449000,0.270087,466791000,513.03,707279000,4.94,81499500,0.198293,290357000,51.66,2512200000,1.0,37938300,104.32
3849910000,6321.2,1568900000,185.07,200330000,0.26371,512420000,514.52,582087000,4.98,77490400,0.201071,272379000,52.37,2375530000,1.0,32241000,105.64
3714100000,6329.7,1502960000,197.08,204958000,0.270321,536291000,533.26,536130000,5.04,51759700,0.190839,251240000,54.6,2300220000,1.0,33801900,105.64
3671890000,6300.86,1585980000,196.92,168991000,0.27868000000000004,450906000,530.91,621964000,4.97,54678800,0.192781,253320000,54.92,2470930000,1.0,38884300,106.22
3835060000,6225.98,1517200000,197.95,169208000,0.279333,477471000,529.92,531005000,4.76,52306100,0.194437,223684000,53.24,2345090000,1.0,29966300,104.33
4264680000,6467.07,1678260000,217.2,213961000,0.291435,581112000,536.91,651853000,5.09,60828100,0.207662,229626000,56.2,2778320000,1.01,34706300,111.88
5523470000,6529.17,2097310000,230.22,329763000,0.30271,673844000,539.86,844070000,5.24,71466100,0.207484,351270000,57.49,3695980000,1.0,47806200,117.49
5800460000,6792.83,2390390000,232.33,344488000,0.28360100000000005,1083230000,564.41,1009270000,5.22,69435700,0.207437,409226000,58.44,4000180000,1.01,54877800,115.06
4273640000,7361.66,1554870000,285.72,241419000,0.331652,856458000,515.93,765275000,6.48,52972600,0.231268,308206000,67.71,2758550000,0.999517,52929600,137.95
4087760000,7260.06,1394490000,289.26,201147000,0.335961,414548000,445.23,720704000,6.47,47867700,0.225325,235034000,65.37,2530750000,0.998642,53805800,135.56
4329540000,7272.72,1321050000,294.37,240907000,0.342523,385322000,463.09,903575000,6.6,44368300,0.224744,265104000,65.65,2844130000,0.997839,35711900,120.5
4116050000,7193.25,1546630000,295.34,257267000,0.347721,384226000,488.65,746530000,6.64,57559200,0.229722,306586000,65.95,2910380000,0.996813,52810000,120.97
4495650000,7037.58,1411910000,283.0,219139000,0.335332,412279000,487.83,899621000,6.43,49383600,0.222076,265252000,61.93,2659230000,1.0,57364500,116.66
4463250000,6978.23,1513100000,284.11,263925000,0.335444,597228000,499.04,744458000,6.08,52981700,0.220902,219094000,60.32,2764870000,1.0,35257200,102.81
4145880000,7047.16,1474460000,289.31,275908000,0.344803,369099000,455.74,955876000,6.12,59888100,0.226211,220637000,61.77,3024040000,1.0,19745900,103.55
4659940000,7096.28,1513350000,296.5,329550000,0.351837,337321000,429.23,622686000,5.9,66510100,0.234745,246764000,63.02,2991530000,0.999395,22513800,107.52
4019000000,6884.64,1406790000,285.6,227284000,0.336903,332161000,435.68,552155000,5.36,50597200,0.225437,228072000,60.25,2718980000,0.997802,28849600,104.53
3295500000,6707.26,1206650000,275.2,168718000,0.323776,365115000,420.45,361901000,4.95,41019000,0.21484,206572000,57.33,1946530000,0.999227,46481300,95.3
3312600000,6763.19,1208360000,279.65,167363000,0.32823,277244000,449.16,356801000,5.05,37623300,0.217795,187571000,57.91,1958700000,1.0,17631600,92.54
4097820000,6719.96,1450170000,282.97,244571000,0.327606,276833000,450.68,616336000,5.05,46565700,0.219806,194676000,57.93,2850500000,1.0,29263100,93.76
3426180000,6534.88,1271160000,277.1,217578000,0.32770900000000003,314701000,449.5,442313000,4.92,50407300,0.222162,205125000,57.54,2392970000,0.998976,19364700,90.06
4668110000,6376.71,1507660000,271.34,286845000,0.319803,393614000,464.44,571812000,4.72,57593700,0.206896,228893000,55.32,3325510000,1.0,21752000,90.08
3377180000,6488.76,1164120000,281.94,248735000,0.335177,319094000,432.85,412303000,4.91,57619800,0.214708,187486000,56.35,2350790000,1.0,21602300,94.92
3665100000,6308.53,1413790000,274.31,311144000,0.319283,355090000,440.83,560766000,4.76,56916000,0.216457,244192000,54.0,2596870000,1.01,22207700,93.37
3311170000,6506.07,1447910000,300.83,327300000,0.343978,300172000,465.59,659969000,5.31,58941500,0.222723,204484000,57.94,2622560000,1.0,17273400,98.42
3984520000,6423.76,1764020000,295.81,434332000,0.3271,286768000,481.19,824713000,5.1,73536300,0.224235,243057000,57.28,3247510000,1.0,29601700,98.17
4992990000,6580.63,1995460000,315.73,497206000,0.366676,311599000,475.29,1009130000,5.51,85576200,0.23812,263383000,61.51,3783430000,0.997761,25798500,99.2
4328420000,6334.73,1552970000,288.05,238219000,0.29243600000000003,368854000,501.57,654120000,4.52,66979600,0.21603200000000006,211779000,55.36,2741290000,1.0,20515800,91.08
4895450000,6308.52,1878150000,282.36,332432000,0.282005,441732000,519.16,692546000,4.64,98247500,0.216954,282699000,54.5,3277720000,1.0,23635100,89.55
5301700000,6199.71,2137850000,278.93,276768000,0.274272,520184000,530.51,588931000,4.58,95074200,0.216706,250440000,54.56,3917750000,0.997543,31742700,84.18
4083980000,6297.57,1751190000,286.5,235117000,0.277466,386332000,625.07,666517000,4.62,100249000,0.223559,223061000,56.85,2596380000,1.0,25503900,88.24
5665250000,6322.69,1625420000,319.57,178827000,0.29787,397157000,626.36,602163000,5.01,69114300,0.223601,276383000,59.33,4066320000,1.0,18323700,93.21
4047850000,6295.73,1790370000,322.11,284423000,0.301262,570200000,645.88,651458000,5.02,87523800,0.217665,259948000,58.36,2630390000,1.01,30488100,93.62
4528680000,6184.71,1699400000,334.18,249264000,0.32042600000000004,490619000,615.31,771704000,5.28,110186000,0.22543,259781000,59.39,2887490000,1.0,23751500,91.72
4267040000,6568.23,1616610000,365.59,325775000,0.346771,307222000,543.08,711726000,5.8,75813300,0.221435,270095000,63.98,2626630000,1.0,24062700,100.53
5064430000,6305.8,2016080000,356.61,360857000,0.331944,337841000,540.02,885000000,5.59,68469800,0.201351,313187000,62.49,3421800000,1.0,31289400,94.53
4682800000,6753.12,1828350000,380.21,244448000,0.381006,299414000,554.37,572786000,6.61,64467600,0.230672,299418000,68.17,2942000000,1.0,24304400,108.04
3925900000,6951.8,1384880000,406.66,242075000,0.414081,429636000,565.31,477949000,7.07,52688700,0.234705,265134000,73.89,2336390000,1.0,21437100,113.55
3679110000,7068.48,1396820000,410.52,186848000,0.433638,305426000,546.36,481289000,7.06,50833600,0.244218,265627000,74.59,2204100000,0.999347,20136800,117.27
4268390000,7032.85,1466540000,407.25,185678000,0.428507,257257000,522.88,465467000,6.99,62650500,0.240724,262765000,73.2,2526060000,0.998505,19018600,113.99
4627150000,7434.39,1722340000,418.26,278870000,0.440571,272027000,537.24,521404000,7.2,78914000,0.258956,298295000,77.54,2843800000,0.999095,22482600,120.02
4214110000,7567.15,1569300000,412.62,204898000,0.430254,304350000,535.4,559363000,7.06,64773900,0.261192,285466000,76.14,2539460000,1.0,24394700,122.79
4797620000,7624.91,1888060000,420.75,323200000,0.445852,282362000,530.77,699077000,7.26,78075400,0.276268,301530000,77.86,3059190000,0.999409,31815200,128.15
5287530000,7780.44,1820680000,433.87,228767000,0.435225,319315000,519.95,708842000,7.37,90072600,0.278009,319362000,79.7,3253100000,0.999507,31704100,122.32
5551400000,8180.48,2141590000,457.08,247714000,0.446107,304026000,536.57,849398000,7.77,87990000,0.295923,313998000,82.85,4311410000,0.99891,28947100,131.8
4107190016,8218.46,1631910016,466.67,191966000,0.453306,374592000,515.66,615336000,8.34,69073696,0.308399,276696000,84.08,2404489984,0.998919,29691600,135.36
3988750080,8192.15,1531890048,466.9,157346000,0.453667,383846000,569.93,527104000,8.32,72393904,0.315229,279804992,83.62,2298899968,0.997887,23366000,139.4
5195879936,8165.01,1734259968,469.67,203720992,0.453635,413731000,554.92,694945984,8.41,109249000,0.316882,358798016,84.46,3092310016,0.997118,27555400,140.06
4899089920,7951.58,1621560064,464.04,199587008,0.44992,463256000,597.01,644028992,8.32,173806000,0.309552,286579008,84.03,2894500096,0.997951,30321500,136.81
5845400064,8181.39,1930780032,472.49,255872000,0.459829,402136000,517.35,835307008,8.51,180428000,0.331706,310156992,86.28,3514560000,0.998791,32155300,142.74
7277689856,8424.27,2287520000,479.37,319956000,0.457623,378019000,513.67,1007480000,8.6,107505000,0.301456,440572992,89.29,4417310208,0.996505,41505800,147.4
5132480000,7711.11,1596999936,450.85,194542000,0.445276,420396000,509.31,630787008,7.97,91948800,0.284384,296071008,82.43,2808819968,0.997496,54845300,133.57
3695460096,7418.49,1338589952,459.66,158906000,0.449311,379411000,535.98,497159008,7.9,98754600,0.283534,245916992,83.16,2209939968,0.999843,34691600,128.72
3726609920,7419.29,1504310016,462.44,180339008,0.45541,324257000,570.96,551660032,8.05,103169000,0.292259,246152992,84.46,2164900096,1.0,22586300,132.13
4936869888,7354.13,1821350016,450.7,295403008,0.446994,341530000,566.77,810102976,7.9,132780000,0.271492,287448000,82.75,3072349952,1.0,37618500,130.17
5111629824,7466.86,2068739968,469.62,293942016,0.476433,345223000,572.44,852908992,8.39,190768000,0.30251300000000003,307785984,86.67,3188349952,0.998088,30172600,139.53
6103410176,7370.78,2371559936,480.51,367988992,0.486389,355208000,610.78,929459008,8.61,238660000,0.2984,375428992,86.96,4082030080,1.0,30846300,139.77
5961950208,7321.04,2288100096,501.0,347700000,0.505587,450595000,585.45,847793984,8.78,60804000,0.252967,341836000,89.81,3620499968,1.0,40091900,144.07
4725799936,6741.75,1858680064,480.66,269283008,0.483401,378007000,659.38,716972032,8.11,51377800,0.23792800000000006,307904000,84.6,2864659968,0.999139,33018400,135.27
3285459968,6359.64,1350160000,449.85,152903008,0.445894,316406000,692.63,501440000,7.4,51388000,0.219871,230467008,78.94,1919559936,0.998352,22403800,123.96
2923670016,6276.12,1235820032,436.09,134840992,0.439271,313362000,709.22,396983008,6.99,43684700,0.207877,197776000,76.72,1620770048,1.0,20547700,123.22
3805400064,6238.05,1489670016,434.03,179403008,0.438741,327670000,695.74,586718016,6.96,49954700,0.204272,256038000,76.94,2279970048,1.0,23792500,122.53
3770170112,6228.81,1495440000,430.07,182139008,0.435364,361851000,724.71,597379968,6.9,35633800,0.185719,267396992,76.81,2404160000,0.99907,28289200,120.24
3644859904,6394.71,1422470016,446.52,183887008,0.450233,387197000,734.76,599606976,7.19,33530700,0.189504,284915008,78.7,2524790016,1.0,35463900,125.39
4052430080,6329.95,1789069952,434.42,230418000,0.445042,499193000,769.35,707110016,7.21,36923400,0.191889,321614016,76.08,2974149888,1.0,31309100,121.48
3718129920,6741.75,1533799936,476.68,206344992,0.47427,420759000,777.15,707878016,7.75,38649000,0.207929,263326000,80.86,2358560000,1.01,33160900,135.73
3386210048,6773.88,1344560000,489.12,226644000,0.477749,568282000,816.08,491667008,8.71,40958600,0.209783,239655008,82.4,2142080000,1.0,25550900,138.12
3961080064,6856.93,1358360064,491.66,214979008,0.4924770000000001,565436032,828.98,490260992,9.02,36238600,0.20845,238936992,86.2,2134790016,1.01,27346900,135.61
4313959936,6673.5,1627609984,474.01,245003008,0.4791510000000001,525351008,818.83,604649984,8.68,37627900,0.206381,253160000,83.38,2460250112,1.0,32393700,134.04
4999240192,6639.14,1828610048,474.41,279999008,0.481625,589747968,819.39,958548992,8.93,37009800,0.202978,306121984,83.76,3606159872,1.01,33014500,138.75
4176689920,6597.55,1549769984,467.32,313828992,0.490043,597276992,806.18,935387008,8.89,33301500,0.209735,282222016,85.49,2638139904,0.999195,31732500,138.4
4672309760,6529.59,1683939968,464.2,410225984,0.485223,692334016,831.46,1006099968,8.84,49012200,0.206315,343900992,85.1,2786769920,1.0,33954300,138.46
4396930048,6614.18,1625789952,475.35,335919008,0.486122,905811968,869.47,1024129984,8.89,49362900,0.21315100000000006,302471008,85.26,2787729920,0.998859,41012600,140.5
4788259840,6385.82,1511730048,453.92,267224992,0.461358,608630016,784.39,621643008,8.13,41380400,0.198573,343401984,80.24,3653040128,0.998821,32338800,129.77
4543860224,6404.0,1475939968,455.18,345528992,0.466245,529767008,788.67,832537984,8.13,47083800,0.193425,276550016,81.37,2540620032,0.999192,33426400,131.01
3966230016,6218.3,1564499968,436.01,309777984,0.45308,513512992,789.49,802745984,7.73,39542800,0.18671,309339008,78.77,2482319872,1.0,34762700,126.78
3467800064,5903.44,1360790016,422.36,220566000,0.448458,612099008,767.66,724915008,7.45,32294900,0.178951,263414000,74.93,2331049984,0.997193,48284400,115.81
3296219904,6157.13,1368940032,442.36,215618000,0.47037,684182976,824.89,716035968,8.01,34514300,0.189633,274128000,80.66,2055360000,0.997935,39016100,128.71
3279759872,6093.67,1356560000,432.77,179426000,0.4560010000000001,720550976,829.94,629339008,7.51,31190300,0.186484,258432992,76.87,2025110016,1.0,35735700,120.82
5500810240,6249.18,4007950080,460.31,231728992,0.481753,752280000,850.78,905011968,8.24,38729400,0.197753,458366016,81.83,3956019968,1.0,37688900,126.76
4566909952,6173.23,2490579968,457.67,369520000,0.47738,534068000,805.68,1397600000,8.09,43348500,0.193633,449884992,80.78,3952620032,1.01,45338000,121.29
3431360000,6162.48,1651379968,474.52,204927008,0.491284,322284000,722.97,709977024,8.41,33872100,0.203515,439203008,82.6,2500859904,1.0,33435900,115.38
5079810048,6083.69,2226030080,465.82,339428992,0.486947,272856000,704.06,1258310016,8.66,41435400,0.203407,458636992,85.08,3747810048,1.0,40058500,110.6
3529129984,6729.74,1462070016,527.37,194312000,0.534775,352371008,696.59,662139008,10.42,38175500,0.227997,261544000,96.93,2017639936,1.0,29272800,123.61
3888640000,6776.55,1596290048,536.27,256920000,0.5392859999999999,336003008,682.76,852286976,10.42,43000600,0.232188,261392000,97.99,2215259904,0.998829,33876600,122.55
4057029888,6769.94,1726569984,537.96,255400000,0.549621,321031008,707.48,715926016,10.73,34048000,0.235309,284982016,98.84,2253370112,1.0,34054800,126.22
4039200000,6734.82,1513869952,518.89,276527008,0.537495,374505984,688.63,720630016,10.72,36372000,0.234371,282937984,98.82,2073910016,1.0,32087200,127.43
3104019968,6499.27,1264870016,500.45,166028000,0.528216,338876000,733.38,432120992,10.44,31223300,0.232105,242331008,96.1,1548390016,1.01,29247600,124.06
3194170112,6550.16,1314109952,499.64,202682000,0.534784,328903008,751.35,680969984,10.63,34627700,0.234041,259324992,97.58,1797939968,1.0,31221300,126.83
3955389952,6456.58,1808269952,491.0,241684992,0.5377069999999999,772953024,775.3,936732992,10.66,37531000,0.234242,293284992,96.68,2376110080,1.01,35999400,122.78
5138710016,6675.35,2458650112,519.74,379824992,0.5613060000000001,375967008,737.33,1409440000,11.3,53521800,0.24242600000000006,367742016,101.15,3104209920,1.0,44929500,132.94
5052349952,6349.9,2080130048,477.49,359864992,0.534663,469756992,748.22,1266409984,10.15,48479300,0.221691,360492992,94.08,3056750080,1.0,44354400,121.85
4654380032,6582.36,1932760064,496.84,309544000,0.562933,420710016,762.4,1052700032,10.22,47126900,0.231689,333163008,100.75,2702340096,1.0,36656700,125.66
4745269760,6906.92,1982119936,533.28,336547008,0.604066,478640000,757.95,1570569984,11.59,47904600,0.25648200000000004,331430016,107.52,2913220096,1.0,32508500,138.04
5804839936,6786.02,2234880000,526.48,492555008,0.588126,413921984,776.17,2317139968,11.39,54768500,0.247658,399889984,107.04,3845029888,0.998215,46671000,139.51
3845220096,7531.98,1519309952,597.56,175990000,0.659755,558793984,739.42,1175320064,14.1,44872900,0.281894,242235008,117.74,2006880000,1.01,29964000,154.96
4227579904,7624.92,1637779968,601.08,221887008,0.674343,576081024,748.71,1105590016,14.04,47014400,0.287963,285831008,120.08,2219579904,1.0,36063500,158.7
4485799936,7678.24,1880140032,605.19,244568000,0.678128,407536000,715.71,1017480000,14.59,49336800,0.294206,365670016,121.43,2554540032,0.99875,40588500,163.91
4692259840,7653.98,1756530048,607.12,273966016,0.674797,340686016,660.24,1022289984,13.94,51165000,0.298269,324158016,121.18,2508359936,1.0,41766300,164.61
4961739776,7633.76,1844269952,609.3,386328000,0.6770149999999999,333936992,713.77,1445139968,14.2,48728900,0.294313,300892000,121.7,2796069888,1.0,40491500,167.19
4993169920,7514.47,1903430016,592.98,558131008,0.661425,357417984,700.26,1297159936,13.55,56371200,0.292158,299780992,119.9,2798279936,1.0,39320200,160.09
4851760128,7720.25,1832550016,618.33,327804000,0.671205,447070016,756.85,1631840000,14.62,64563800,0.302912,322787008,125.5,2796300032,1.0,44074900,169.35
4939299840,7643.45,1880390016,591.81,315206016,0.643451,642142016,749.36,2884720128,14.74,58244800,0.298413,310800000,123.31,3187569920,0.99353,40011500,162.65
4921460224,7541.45,1945890048,580.04,263088000,0.623364,397206016,762.76,1058150016,12.31,62207300,0.290022,290886016,119.92,2486080000,1.0,29047300,157.54
5127130112,7494.17,1985040000,577.65,283328000,0.612622,589187968,755.97,1142809984,12.28,78378600,0.296652,297183008,118.07,2613339904,0.998003,35146100,155.52
4922540032,7406.52,2053970048,559.59,320604992,0.605817,361313984,874.09,1269209984,12.01,59599500,0.277747,305275008,117.53,2429060096,0.999727,23704800,155.23
5662660096,7472.59,2330820096,565.39,380744000,0.601241,430131008,890.45,1877299968,12.18,62185300,0.282845,350520000,119.57,3003919872,1.0,51033600,157.57
5040600064,7135.99,2356900096,516.04,327903008,0.552299,397230016,904.65,1580160000,11.64,48667900,0.25358200000000003,295723008,111.6,2582710016,1.0,38161100,149.96
4056519936,7368.22,1788790016,572.67,186963008,0.607881,381404000,885.64,939929024,12.51,45604600,0.276376,258727008,117.99,1885900032,0.999182,32033800,166.08
4051539968,7355.88,1694300032,587.28,213242000,0.612708,290560992,852.1,1085629952,12.35,40772900,0.284695,275851008,118.28,1872140032,0.99989,17384600,164.55
4867829760,7480.14,2110919936,586.73,289816000,0.611001,311148000,852.19,1624390016,12.29,45218800,0.288069,297743008,119.44,2375610112,1.0,26129900,164.72
6049220096,7587.34,2791099904,601.76,440532992,0.631997,371601984,849.32,2161890048,12.75,45262500,0.291338,345857984,122.61,3122710016,0.998818,44489500,171.49
6491120128,7557.82,2995429888,583.59,482480992,0.599594,522806016,897.6,1591750016,10.88,39564300,0.280355,373329984,119.31,3360600064,1.0,49136900,171.54
5137010176,8041.78,2230469888,647.74,234712992,0.645567,547672000,844.24,991158976,12.27,31944800,0.301084,294447008,128.68,2417590016,1.0,51057500,176.27
5154990080,8418.99,2005170048,699.22,250480992,0.6815869999999999,523140992,874.43,1063000000,13.51,27528600,0.31811500000000004,308376992,134.51,2406449920,1.0,34791200,198.74
5191059968,8513.25,2156910080,715.37,275614016,0.700244,619150976,958.56,1228359936,14.01,30586700,0.33281,324983008,139.7,2610939904,0.999117,34040600,203.45
4712399872,8247.18,2021549952,696.53,249039008,0.676713,757265984,939.55,1018750016,13.17,23504200,0.317234,310963008,135.32,2569299968,1.0,31524400,197.57
5764190208,8250.97,2305740032,694.37,344944000,0.680294,407028000,1092.13,1343680000,13.0,31108600,0.319488,371688000,136.06,3051709952,1.0,58532500,204.05
5862530048,8094.32,2350619904,672.66,337999008,0.6673100000000001,503856000,1118.19,1644329984,12.43,31796700,0.313497,320248992,132.77,3026749952,1.0,44934200,192.99
6760220160,8368.83,2476130048,707.05,429641984,0.7140810000000001,561721024,1143.75,1534140032,12.77,43623300,0.334677,351689984,139.27,3238190080,0.99995,46385200,199.21
6705710080,8510.38,2523069952,708.87,422980000,0.698588,608502976,1131.17,1371869952,12.99,39801700,0.348445,415984992,139.88,3315440128,1.0,56849200,205.17
7364149760,8716.79,3005110016,730.55,613462016,0.740898,727427008,1152.89,1702960000,14.02,58938400,0.36968,584222016,147.71,3820280064,1.0,56526000,215.04
5866379776,8723.94,2362500096,733.5,532488000,0.745748,910656000,1105.8,1589949952,14.94,73407904,0.375852,383224000,144.59,3179099904,1.0,32021800,209.58
6821380096,8504.89,2668480000,686.05,596684992,0.696735,842262016,1170.4,3091069952,14.25,93267504,0.359937,410184992,141.88,4539990016,1.0,32938200,201.96
8488520192,8441.49,3290080000,679.59,991409024,0.684948,689121024,1084.78,2919820032,14.9,80168200,0.314252,530416000,137.12,4733060096,1.0,48447300,197.74
6906699776,9043.94,2748950016,727.28,399324000,0.7582369999999999,538528000,1002.92,1287810048,17.54,39548400,0.353962,426694016,149.87,3430200064,1.0,36197200,218.22
7226890240,9325.18,2877870080,752.28,611574976,0.8020430000000001,705260032,995.34,1199539968,17.94,54383500,0.37797,448136000,157.05,3236689920,1.0,41903700,227.52
7415869952,9234.82,2920489984,752.86,465040992,0.81397,591774976,984.68,1449939968,18.14,50210900,0.386371,466308992,159.62,3317769984,1.0,33703600,223.35
7394019840,9373.01,4316120064,753.72,602534976,0.832641,688334016,987.66,2000850048,17.98,48023200,0.395702,573281024,164.88,4137240064,0.997237,44546500,233.07
7222280192,9654.8,3105570048,792.31,640057024,0.871424,566168000,892.12,1434829952,17.47,43793500,0.412944,626270016,171.8,3948859904,0.997202,50393500,235.49
7651939840,9858.15,3035040000,816.12,668800000,0.905103,507305984,996.92,1614729984,17.8,44096200,0.430875,741246016,177.76,3848780032,0.996284,73154304,240.78
8217829888,9700.76,3533410048,785.62,1007609984,0.895442,486185984,1012.48,1749309952,17.15,51379800,0.43114,633054976,168.79,3844979968,0.998561,77875600,241.53
10207299584,9743.86,4210939904,779.54,725228992,0.884466,620339968,1017.3,2266540032,17.77,83481296,0.437379,617984000,161.46,4307829760,0.997973,115162000,245.98
7558159872,9235.92,2822269952,687.15,544425984,0.859094,785384000,1071.36,2410370048,19.21,68610896,0.439227,354656992,151.58,3711889920,0.997464,83039296,249.66
7713019904,9119.01,2678960128,673.61,630809024,0.841407,858105984,1005.61,3330129920,18.95,152906000,0.439733,342152000,148.49,3901110016,1.0,71420800,240.26
8673920000,9240.55,2853100032,669.92,575363968,0.837938,634201984,1141.86,4073370112,17.58,81453296,0.424659,341396992,148.48,4498440192,0.998919,103574000,242.46
8853000192,9419.08,2740559872,688.88,896313984,0.872778,622772992,1233.64,4870720000,21.54,156688992,0.458405,388081984,153.63,5167799808,0.998016,92297200,256.87
7805479936,9348.48,2496659968,683.68,788718976,0.8638040000000001,805598976,1291.77,2728300032,18.87,105747000,0.428918,337116992,152.3,4066050048,0.999335,84646704,261.51
7566289920,8987.05,2598129920,647.03,673793024,0.8138850000000001,595862016,1184.96,2486409984,16.67,177676992,0.391085,386742016,145.9,4060179968,1.0,93178896,251.88
8970559488,9281.51,2984009984,662.81,1028590016,0.8524139999999999,876974976,1207.24,1566850048,15.49,152903008,0.387556,412436992,153.68,4206320128,0.999614,153394000,268.27
11083100160,8845.74,4216140032,615.42,1614050048,0.800607,804139008,1206.17,3005040128,14.46,130724000,0.339517,613467008,144.76,6126580224,0.991809,157435008,257.14
10678800384,9697.5,3581860096,708.16,1572930048,0.934781,913177984,1280.62,3223780096,15.31,120285000,0.40067,643558016,165.78,5033249792,1.0,141852000,296.04
6925190144,8930.88,2386830080,642.55,674545024,0.876657,939358016,1343.38,662115968,11.61,57282000,0.372128,376060000,152.25,3075480064,0.997847,110600000,283.3
6629899776,8802.46,2426269952,621.86,946398976,0.8699950000000001,1158710016,1431.69,1001900032,11.35,64261400,0.368139,338735008,146.77,3176019968,0.996196,142363008,271.3
7548550144,8895.58,2612460032,605.4,1563970048,0.8731030000000001,921628032,1493.12,1142259968,11.11,119787000,0.375663,482924000,148.93,3570040064,0.999014,89939200,258.18
8438110208,8845.83,2849469952,615.72,2344069888,0.924465,1461449984,1472.4,1512339968,11.45,170282000,0.391165,491945984,155.54,3458870016,0.998338,128551000,271.98
7063209984,8294.31,2256869888,567.89,878328000,0.791976,1513260032,1371.74,554115968,9.44,171820000,0.36612,408736000,146.3,2217799936,0.997185,89253400,238.61
6529909760,8163.42,1762940032,524.79,624049024,0.708932,1070040000,1528.59,518188992,9.03,158384992,0.351544,381161984,140.0,2112089984,0.997609,180248992,228.35
6900879872,7902.09,1760359936,502.89,442352992,0.656933,1273219968,1638.34,798768000,8.51,112255000,0.300202,532336000,132.93,2075650048,0.998556,39801200,195.75
5631309824,8058.67,1758979968,511.15,531996000,0.663297,1060739968,1611.94,455204000,8.1,90408600,0.284156,290855008,128.34,2125180032,0.997592,41090800,194.1
5244480000,8329.11,1726089984,531.7,609636992,0.682534,1407629952,1655.2,861262976,8.4,129731000,0.290722,274427008,132.04,2057859968,0.998602,50712700,200.62
5191430144,7986.24,1519079936,501.48,626268032,0.632184,1946960000,1765.69,811486976,8.6,44754800,0.250668,258806000,126.29,2060220032,0.999766,42979700,190.42
7764460032,7895.96,2419249920,492.73,1245170048,0.638087,1664400000,1752.1,936742976,8.74,112587000,0.24629,458040000,125.35,3218919936,0.998895,56740700,188.87
8906250240,7889.25,2519360000,492.94,1346739968,0.628737,960185024,1517.33,1717360000,8.7,103292000,0.24212,587510976,129.34,3636590080,0.996831,62352400,191.94
4641889792,6968.32,1439040000,430.54,341707008,0.539506,1282659968,1511.97,1818530048,8.49,40041100,0.212337,230068992,118.29,1741699968,1.0,41345600,169.16
4272750080,6834.76,1196000000,414.24,154495008,0.4919310000000001,1165139968,1458.72,225494000,6.0,26841200,0.199344,202879008,114.26,1253949952,0.997356,31208400,165.57
4894060032,6770.73,1478390016,398.53,271775008,0.491855,774633024,1351.28,226564992,5.87,36684300,0.197333,260171008,114.99,1678770048,0.997555,24546500,167.07
3652499968,7023.52,948488000,400.51,137548000,0.500398,753113984,1350.05,166915008,5.97,18973800,0.206377,194664000,117.67,1090880000,0.996809,24114000,173.97
3976610048,6911.09,951475008,385.31,209076000,0.487867,1049449984,1440.3,220028000,5.91,27242100,0.201859,211470000,116.26,1332259968,0.999644,30577500,170.12
3766810112,6636.32,967105984,370.29,218156000,0.4764310000000001,808801984,1396.25,451440992,5.89,30056300,0.193317,233190000,113.15,1257110016,1.0,42452500,162.0
5639320064,6811.47,1210680064,383.23,358755008,0.4958010000000001,905273024,1337.85,542464000,6.4,46694000,0.19794,294022016,119.13,1609469952,1.0,40641000,173.31
4936000000,6853.84,1287730048,380.54,415257984,0.501631,1281929984,1420.41,260820000,5.73,58482100,0.204108,380351008,118.41,1772329984,1.0,39301200,170.1
5499700224,7456.11,1363399936,416.89,578238976,0.558044,1830969984,1284.79,306368992,6.13,76510096,0.235691,375408992,134.47,1753520000,1.0,36809600,189.54
4333440000,7083.8,1102259968,386.42,262342000,0.500688,2053920000,1426.42,314995008,5.89,70195696,0.224878,271703008,119.31,1550880000,1.0,27927800,177.51
4532100096,6844.23,1256930048,379.61,297868992,0.485081,1934290048,1432.26,401303008,5.66,43075500,0.206582,274182016,115.22,1832530048,0.99981,31024200,175.51
4553269760,6973.53,1323920000,396.46,293208000,0.512353,968409024,1201.22,224212992,5.99,82895904,0.206778,295439008,116.61,1763719936,1.0,22220300,179.56
6289509888,6890.52,1878130048,394.64,518219008,0.5095649999999999,1093510016,1154.69,506609984,6.1,37767000,0.188733,468439008,118.6,2596849920,0.998943,41887500,172.36
6361229824,7165.7,1970230016,385.97,420550016,0.5115109999999999,1006640000,1128.02,626902976,6.02,44352600,0.190819,476804000,114.68,2486609920,0.998623,53055600,176.86
4935289856,7954.48,1514179968,446.28,258298000,0.578002,658164992,968.64,616041984,6.29,21717600,0.21925100000000006,328374016,131.75,1857049984,0.999204,44833300,199.16
5378250240,7833.04,1617939968,450.12,351380992,0.577917,634652992,888.91,877542976,5.91,37693300,0.216033,385104000,135.78,2051079936,1.0,53498800,187.93
5921039872,8209.4,1638880000,489.95,384504992,0.599463,331700992,757.59,553672000,5.9,44406300,0.228861,407135008,149.22,2183960064,1.0,37329600,197.18
4569880064,8495.78,1151170048,524.29,229352000,0.641875,382080000,766.47,274460000,6.52,31527600,0.239952,241431008,160.08,1511320064,0.999686,23409900,211.78
5664600064,8668.12,1300009984,526.44,390740000,0.641265,327336000,780.83,357179008,6.63,37806800,0.235422,290270016,159.63,1785500032,1.01,24099100,209.16
5954120192,8879.62,1596349952,539.62,387164000,0.643174,267415008,738.98,846830016,7.01,49937100,0.236147,348056000,167.83,1995699968,0.990235,39365700,213.91
5530390016,8728.47,1523459968,539.7,449041984,0.6627430000000001,384095008,738.3,1062430016,7.03,53777200,0.243212,404996992,163.67,2171849984,0.998982,40394500,212.71
6043129856,8929.28,1781270016,561.73,527324000,0.6936640000000001,417016992,734.48,765790016,7.03,93970496,0.25463600000000003,462536000,169.05,2353890048,0.999244,57121400,218.63
6361789952,8913.47,1833680000,557.17,814275968,0.709808,252158000,666.58,667072000,6.01,88101600,0.267968,492892000,168.82,2506319872,0.996832,60005900,223.74
6729110016,8630.65,2046790016,556.73,1096930048,0.74908,225054000,649.62,660668992,6.36,93820800,0.250226,504832992,161.14,2638089984,0.989867,67314400,216.77
6639190016,8223.68,2685499904,538.64,923606016,0.6587770000000001,254947008,637.03,333500992,4.65,91400496,0.220473,595955008,154.07,2639470080,1.0,75859904,209.63
4426149888,7916.88,1267810048,552.78,319824000,0.6378560000000001,198906000,655.26,140080000,4.67,33001800,0.206731,403808992,152.97,1687920000,1.0,48877500,197.91
5289379840,8338.35,1417350016,601.67,502740000,0.68926,231143008,640.35,184719008,5.09,23756700,0.229991,436628000,165.45,1872050048,0.998551,62972500,215.7
6834429952,8300.86,1770460032,611.3,888345024,0.6972689999999999,225186000,610.43,293299008,5.17,54358800,0.240655,564609024,164.48,2259869952,1.0,75798000,213.31
6438230016,8269.81,1810560000,614.29,479148992,0.701902,243988992,646.04,210732992,5.34,49138300,0.248689,480652992,161.1,2151670016,1.0,75383296,215.56
5991139840,9194.85,1425959936,690.83,279679008,0.7897109999999999,282960000,649.2,199199008,5.86,24814700,0.290193,468094016,175.78,1890040064,0.999843,69264496,248.07
6457399808,9205.12,1764999936,699.83,355031008,0.801048,303771008,712.88,206551008,5.83,29443200,0.291765,567628992,178.23,2155559936,1.0,66680300,259.42
6296370176,9578.63,1562680064,723.34,472972000,0.8311219999999999,282036000,662.77,271828992,6.14,26023900,0.304217,669377984,188.95,2394810112,1.0,73755400,282.35
5386319872,8866.0,1532960000,686.89,402670016,0.7966270000000001,318440000,643.03,309652992,5.8,21963200,0.292661,625808000,177.73,2218810112,1.01,78431696,257.04
8704190464,9337.55,2233019904,728.92,989203008,0.8497610000000001,306972000,685.25,429200992,6.13,56838800,0.311859,943363968,187.17,3131620096,1.0,155072000,288.09
7186089984,9395.01,1891640064,704.6,499496000,0.825857,416567008,697.01,299364992,6.2,47233100,0.311938,612508992,176.51,2636689920,1.01,128424000,278.64
8797910016,9965.57,2175419904,752.83,809598016,0.87121,452656000,714.27,423460000,6.51,62389100,0.32910300000000003,755924992,185.84,3037380096,1.0,162103008,339.15
6832169984,10779.9,1943069952,816.95,875180032,0.922887,337268000,860.52,233026000,7.25,44141000,0.337911,661078016,196.6,2491849984,1.0,93212704,346.4
6468539904,11573.3,1898489984,853.68,1706819968,0.959368,339011008,876.33,183715008,8.05,98523696,0.352031,594828992,211.18,2227680000,0.998864,130898000,373.25
6084149760,11512.6,1697939968,866.68,797225984,1.01,347366016,919.25,195810000,8.18,99892704,0.36193,574675008,213.8,2133910016,0.997612,123113000,368.97
6690570240,11489.7,1699369984,857.22,280852992,0.907804,237008000,966.88,141850000,8.0,52827100,0.350168,681865984,210.64,2181489920,1.0,196022000,352.95
7620590080,11086.4,1894419968,856.85,271036000,0.910144,264080000,982.3,211631008,8.09,38378100,0.32010700000000003,627142016,212.56,2172250112,0.99973,170634000,344.73
7317279744,10951.0,1868519936,872.2,475256992,0.928347,303600000,1019.43,214126000,8.63,46631800,0.339314,678542016,209.75,2285570048,1.0,62044300,314.04
6936189952,10397.9,1963980032,855.2,329529984,0.904583,344283008,1011.52,380052992,8.41,38961000,0.333916,761321984,202.9,2414230016,0.998903,47981800,285.7
6966179840,10725.6,2053980032,878.27,312712992,0.947305,389291008,1033.45,330184992,8.57,38136100,0.362051,856454016,216.6,2473019904,1.0,64821400,302.54
7287690240,10366.7,2044480000,869.32,458612992,0.956859,503262016,1059.12,251184992,8.13,42535600,0.364579,1297080064,220.96,2362210048,0.999561,53939200,293.61
5706939904,9664.73,1646960000,844.81,360271008,0.943487,425419008,994.67,173548992,7.9,42268800,0.357302,1028590016,220.48,1968850048,1.0,33676300,281.02
6917929984,9813.07,1926579968,840.52,489920000,0.954402,435070016,938.11,241756992,8.19,34738100,0.355163,937312000,209.42,2417710080,1.0,62206300,273.79
7739500032,10301.1,2334820096,864.19,896403968,0.998855,411316000,949.78,284364992,8.58,56829000,0.381985,1065680000,209.31,2815280128,1.0,89026304,285.71
8040079872,10005.0,2150370048,812.84,889707008,0.941788,472032992,977.03,295638016,8.09,69561104,0.366447,974379008,195.31,2904620032,1.0,103123000,282.76
9405339648,10690.4,2531729920,849.97,871526016,1.02,374740992,943.64,298552992,8.76,132189000,0.396765,1195820032,213.35,3459830016,1.0,169590000,322.61
9926540288,11403.7,2545260032,895.37,806673024,1.09,406616000,949.47,305780992,9.28,104842000,0.402289,1739670016,232.85,3126220032,1.0,71114704,304.4
7652089856,11225.3,2169019904,943.86,556304000,1.14,458028000,1064.03,225362000,9.68,57015400,0.452932,767596992,223.06,2546439936,1.0,67482400,316.49
8744009728,10551.8,2567290112,923.92,1113650048,1.12,425558016,1051.28,353808000,9.38,74452000,0.450399,1011120000,215.74,3124179968,1.01,68135104,300.12
8660880384,11112.7,2525720064,974.11,1186729984,1.2,514167008,1145.17,276848992,10.15,104733000,0.479075,863401024,229.46,2797600000,1.0,134268992,325.67
7296159744,10233.9,2369449984,944.21,568339008,1.14,370367008,1005.93,249798000,10.02,53289200,0.455446,1300089984,230.12,2605819904,1.0,64320200,296.48
9062540288,10166.4,2900100096,936.98,1188530048,1.15,510887008,1067.02,392064992,10.17,106142000,0.453556,2087289984,225.43,3286909952,1.01,85772704,303.25
7909819904,9494.63,2818370048,923.56,1457600000,1.14,446519008,1040.21,480308992,9.97,192628992,0.453888,2383340032,213.36,3066190080,1.0,116137000,276.66
5696719872,8598.31,2081170048,845.26,921100032,1.03,455224992,1092.16,365436000,9.21,196175008,0.410614,483468000,159.55,2226759936,1.0,46476400,234.69
6256439808,8926.57,2243450112,868.71,1756290048,1.08,401782016,1206.04,353976000,9.18,61140000,0.395649,535710016,161.57,2457489920,1.0,45760100,247.57
6122189824,8129.97,2486650112,814.66,2555310080,1.0,350078016,1268.03,408012992,8.41,85791696,0.370005,495720000,148.99,2431739904,0.999251,51680100,229.49
7780960256,8621.9,2930530048,860.41,4682010112,1.07,367584000,1289.08,609065984,9.1,227551008,0.406856,576328000,155.59,2628379904,1.0,76435296,250.03
6784820224,8736.98,2495820032,883.86,1690339968,0.954428,371664000,1270.38,507606016,9.65,144231008,0.401068,722204992,163.95,1631139968,1.0,77557200,260.43
9346750464,8265.59,3708189952,817.81,947315008,0.8052630000000001,421497984,1275.18,542067968,8.51,121448000,0.363565,869206976,149.47,2466619904,1.02,81312200,247.22
9169280000,7621.3,3896179968,757.07,1133369984,0.723895,482240000,1291.92,762883968,7.61,188328000,0.342125,817808000,138.2,3307539968,1.0,64730900,207.27
13999800320,7754.0,6518269952,793.12,2361139968,0.776393,375300992,1204.16,1304850048,8.34,518084992,0.370811,1148409984,142.99,6247249920,1.01,100344000,212.29
9285289984,6955.27,4269530112,697.95,1286179968,0.6917989999999999,420912000,1246.66,640158976,7.06,339507008,0.331192,844678016,125.33,4078980096,0.996308,77454496,179.49
7073549824,8277.01,2997090048,834.68,1190960000,0.815703,460182016,1250.56,588172032,8.61,231808000,0.377231,1006080000,148.02,2504640000,1.01,48981700,221.05
7263790080,9174.91,3243480064,964.02,1988960000,0.924043,362664992,1178.1,736278016,9.84,282348992,0.4300560000000001,687676032,160.25,2488529920,1.0,55887100,251.59
12726899712,8830.75,6713290240,915.78,3529760000,0.884784,413263008,1193.27,1534140032,9.79,396784000,0.405075,815539968,131.38,4785869824,0.990747,122696000,235.63
9959400448,9170.54,5261680128,1036.79,1410419968,0.96253,492542016,1270.71,919859008,10.21,172407008,0.456455,539880000,142.3,3498899968,0.986939,73082704,240.96
8041160192,10221.1,3757560064,1118.31,1264029952,1.16,475079008,1219.49,1008809984,12.2,288692992,0.539797,363292992,163.35,2663930112,0.990274,67649504,272.89
8637859840,10106.3,4107859968,1071.13,1134640000,1.14,575353984,1308.46,980342016,11.56,178892992,0.489648,433227008,165.28,3108630016,0.986486,93182600,274.02
7107359744,11296.4,3715079936,1182.36,1073680000,1.32,820947008,1418.73,565307008,14.01,118507000,0.589283,303560992,181.66,2031160064,0.995319,55323000,316.63
8350360064,11786.3,5372329984,1246.01,1327360000,1.4,578905984,1534.77,646950016,15.02,194610000,0.634421,363515008,193.87,2546639872,0.98879,75700896,332.17
7583269888,11440.7,3002870016,1107.07,689100992,1.22,907873024,1487.46,653830976,14.27,216912992,0.613061,291632992,180.89,2051980032,0.993325,66614100,321.36
9746199552,11171.4,3617690112,1055.17,2037570048,1.22,641718976,1551.39,1444039936,14.34,787644032,0.633916,375476992,176.73,2957009920,1.0,91052800,323.68
8873169920,11259.4,4050190080,1056.03,986067968,1.31,961009984,1552.2,1546860032,14.31,627336000,0.6082529999999999,363137984,180.27,2571930112,0.999595,76537296,317.1
9940989952,11359.4,3944039936,1058.78,1853440000,1.36,502454016,1375.81,1050800000,13.83,669318976,0.567014,375948992,179.99,2620630016,0.997484,92263600,317.4
9660609536,10868.4,3556699904,986.23,2977080064,1.34,629852032,1362.27,1614680064,12.97,207031008,0.486185,441764992,177.81,3126830080,1.01,116898000,308.46
10537400320,10931.4,3810099968,1003.26,2642510080,1.36,442663008,1231.98,2902200064,13.66,442542016,0.486338,494091008,180.01,3274899968,1.01,116893000,315.9
9935179776,11600.1,3378089984,1049.58,2840750080,1.38,466212992,1283.91,2887800064,13.44,161687008,0.464117,463516000,190.42,3302010112,0.999861,126395000,345.08
11801700352,12899.2,3975190016,1155.15,2346449920,1.58,651555008,1217.64,2777449984,15.52,204012992,0.5346770000000001,540785984,211.02,2942779904,1.0,240595008,383.79
10740400128,11607.4,4084450048,1039.1,3697430016,1.55,734606016,1257.31,845596032,11.18,207275008,0.506232,560284032,192.96,2876989952,1.0,199852000,364.62
15020399616,11474.9,5938319872,1036.28,9110439936,1.6,1133760000,1312.11,1266300032,10.51,472047008,0.509523,936784000,192.84,4302300160,1.02,152851008,316.47
18830600192,11188.6,8545160192,1014.25,7251210240,1.31,2203709952,1284.56,1625250048,10.19,486788992,0.477187,1422489984,186.52,5588839936,1.01,192936992,319.19
18853799936,11490.5,8405139968,1053.69,5687960064,1.18,866222016,957.96,1599730048,10.28,466139008,0.441197,1405069952,188.33,5552929792,1.03,283036000,320.04
12750799872,13819.8,4781100032,1291.92,1838460032,1.68,777420032,974.53,806380992,12.94,345561984,0.599271,601769984,232.77,2557179904,1.01,264782000,414.57
11084099584,13772.0,4841630208,1366.77,1978200064,1.86,568116992,887.41,1162419968,13.44,116460000,0.6308560000000001,886414976,238.68,2960410112,1.02,180678000,399.52
12763599872,14360.2,5746760192,1396.42,2130169984,2.02,656033984,1165.38,3379130112,16.23,189183008,0.671564,961043008,259.19,2759879936,1.0,248704992,420.05
12065699840,13980.6,5222300160,1273.2,3330810112,2.04,453100992,1272.5,2449370112,13.75,394376000,0.67796,691160000,236.86,2668219904,1.01,158188992,394.78
16534099968,13405.8,7235899904,1154.93,6296119808,1.95,896665984,1191.14,1161849984,11.35,330878016,0.558126,1079389952,229.37,3841110016,1.0,187722000,355.59
18500800512,14973.3,9214950400,1255.82,4833639936,1.97,678019968,1274.35,1211789952,11.34,249019008,0.56693,1009910016,250.52,3189860096,1.0,265152000,407.74
16659999744,14595.4,7965459968,1299.74,3694700032,2.1,729209024,1486.89,546937024,9.33,208330000,0.585653,940825024,247.04,2766180096,1.01,522438016,413.33
18413899776,15170.1,8450970112,1148.53,3315259904,2.46,649822976,1470.55,697174976,9.69,249426000,0.629323,1182080000,255.76,3815749888,1.01,220924000,405.07
15866000384,16477.6,5569880064,1153.17,2395150080,3.38,362212992,1657.14,781497024,12.52,347556992,0.699645,1055400000,288.45,2338180096,1.0,262443008,459.33
18314600448,17527.0,4662219776,1041.68,2777560064,3.09,580544000,1746.25,688819008,12.58,440182016,0.7099449999999999,2264740096,296.45,2620080128,1.01,235391008,452.77
23840899072,17429.5,6683149824,997.72,6288500224,3.05,441742016,1628.63,618755008,10.84,727409024,0.662712,1710599936,249.27,3096620032,0.998634,182618000,384.94
21783199744,15599.2,6502859776,980.92,8103660032,3.2,594667008,1603.9,1204969984,11.28,892268032,0.72405,3481550080,241.37,3200130048,1.0,166108000,403.05
16871900160,15201.0,5093159936,962.72,6635879936,3.11,522193984,1642.12,529459008,10.23,1513270016,0.896227,3215280128,245.37,2471689984,1.01,180190000,412.06
16846600192,14982.1,5783349760,884.44,3171010048,2.48,488160992,1639.13,552188992,9.33,676667008,0.564766,1237949952,255.68,2635859968,1.0,224768992,383.42
10291200000,13657.2,2595760128,772.64,1894230016,2.39,578984000,1621.46,331072992,8.84,669372032,0.480008,633142016,229.03,1685299968,1.01,110244000,358.99
12136299520,14156.4,2554269952,756.73,4642079744,2.3,681350016,1621.92,312308000,8.77,183768000,0.360756,771041984,232.1,1927010048,1.01,101667000,349.03
14452599808,12952.2,3187780096,717.26,8108389888,2.16,745179008,1776.64,499400000,8.56,537916032,0.323202,943667008,218.96,2711059968,1.02,140463008,330.8
13025500160,14656.2,2648969984,753.59,7545739776,2.21,1116240000,2032.12,448089984,9.44,387880000,0.322941,1392210048,245.5,1929090048,1.01,173824992,377.37
12336499712,14606.5,2389149952,737.02,2843300096,1.43,743246976,1769.62,478886016,9.57,75925400,0.223544,2593240064,249.93,2211409920,1.01,162716992,378.9
12487600128,15838.5,2100029952,762.84,2854259968,1.4,1024060032,1756.75,530216000,10.56,78509400,0.229224,777137984,272.17,1939949952,1.0,250742000,421.85
13454300160,16099.8,2201159936,773.84,938846976,1.19,1457730048,1748.05,336595008,9.82,96759296,0.226018,842993024,286.5,1854780032,1.0,161342000,381.54
10664699904,14026.6,2491760128,765.83,686014016,1.12,1704029952,1772.07,337892992,9.77,71737296,0.228511,804377024,273.39,1708380032,1.01,119632000,360.78
11572299776,13925.8,2300549888,694.15,754958976,1.04,1412359936,2401.54,192175008,8.14,71071600,0.22445,1122909952,275.98,2611589888,1.02,134675008,337.06
13086000128,14699.2,2480339968,719.39,1497590016,1.17,993310016,2553.32,233174000,8.48,116122000,0.234179,1352579968,288.27,2353740032,1.05,190116992,382.04
22197999616,13831.8,4977710080,674.86,4644700160,1.14,1218569984,2685.29,612398016,7.84,229459008,0.216717,2938040064,264.93,4687949824,1.02,334616992,346.11
16516599808,15802.9,3569060096,821.06,3626109952,1.19,1110220032,2620.99,349756000,10.6,199122000,0.2572,1555939968,317.46,3106720000,1.01,354020992,417.98
22149699584,16624.6,3969939968,819.09,1007420032,0.775964,1947949952,2462.61,775977024,11.99,250599008,0.252386,2104060032,314.62,3751790080,1.0,498648000,469.2
16894499840,17776.7,4096549888,826.82,1449670016,0.791257,2578810112,2895.38,1688240000,12.38,212548992,0.26431,2150479872,350.25,3073860096,1.01,317292000,377.24
14839499776,19114.2,3249230080,794.65,1342720000,0.778407,1084749952,2391.56,577649984,9.21,201720992,0.276283,1966599936,358.34,2517230080,1.01,217306000,381.51
13314599936,19140.8,2147389952,719.97,805200000,0.728366,1428899968,2421.47,361464000,8.22,423360992,0.266621,1703580032,318.72,1931020032,1.01,278704992,351.37
12740599808,19497.4,2165690112,696.21,1334770048,0.758642,1444780032,2786.88,540462016,8.61,234172992,0.232125,1291379968,298.97,1592729984,1.01,164860992,327.32
14309999616,17706.9,2758710016,684.45,3194210048,0.756181,1669159936,2786.65,640457984,8.13,260228992,0.195862,2599940096,299.78,2044499968,1.02,163054000,312.32
13777399808,16564.0,3821580032,695.82,6358700032,0.8642629999999999,2115709952,2584.48,613600000,8.4,281635008,0.188907,2114880000,279.33,2336179968,1.01,261052992,325.21
12976900096,16408.2,4524539904,702.77,2738759936,0.471063,5377260032,2430.18,663820992,7.3,107122000,0.149342,3409789952,302.6,2198139904,1.03,248583008,305.74
14603799552,17415.4,5179829760,651.43,1555040000,0.373541,4688840192,2608.69,266450000,5.3,135847008,0.156444,6961679872,316.16,2240839936,1.08,271785984,308.07
12153900032,16936.8,1771440000,515.14,176100992,0.251691,1831229952,2711.0,153155008,4.36,117548000,0.144956,2913979904,214.2,1542119936,1.02,152496992,279.67
13433299968,15455.4,1404179968,441.72,198174000,0.237333,922812992,2432.54,98890000,3.77,91047600,0.119263,1087340032,148.66,1649500032,1.02,142120000,245.33
13911300096,15178.2,2003849984,473.5,205288992,0.244708,1300819968,2533.01,133142000,4.06,102117000,0.135122,2436539904,155.24,1598909952,1.02,161152000,262.53
21135998976,16569.4,2336379904,456.03,660172032,0.252125,1257760000,2392.41,149508000,4.29,188452000,0.13726,1515559936,124.85,1993030016,1.02,201496992,276.74
17950699520,17899.7,2129570048,434.41,275204992,0.222823,2479419904,2779.95,183666000,3.99,312352992,0.133046,645691008,98.29,1671609984,1.03,299528000,280.86
12656300032,14291.5,1998259968,428.59,274526016,0.232544,3221299968,2566.64,200252992,4.55,384659008,0.151622,547512000,100.35,1281490048,1.01,543884032,278.68
6895260160,11916.7,1216720000,463.28,174591008,0.246101,1406450048,2889.52,181418000,4.24,152740992,0.123523,328726016,102.4,814145984,1.0,352326016,269.48
6132409856,11657.2,1005550016,470.2,104650000,0.253571,1544429952,3108.89,163900000,4.03,37476600,0.09761,331151008,104.24,668510016,1.0,74534400,210.24
6608309760,11323.2,990556992,465.85,134710000,0.252558,1355440000,2954.69,132280000,3.61,55809800,0.089035,364022016,101.26,946748992,1.0,111303000,200.05
5138500096,11074.6,943649984,463.45,118250000,0.255492,1712160000,2903.12,163479008,3.92,82791104,0.093816,402553984,100.28,679950016,0.999654,80791104,203.03
6783119872,10975.6,1247879936,466.54,182992000,0.25569899999999995,2843310080,3257.08,74402000,3.24,102074000,0.089883,561342976,99.0,749395968,1.01,70430496,190.94
8310689792,10233.6,1903040000,447.11,270907008,0.25087800000000005,3877769984,2696.69,92059600,2.85,66684900,0.072871,481948000,88.33,1043969984,1.01,128112000,180.14
11568799744,9888.61,2675940096,427.52,541177984,0.243064,3664329984,3267.17,133125000,2.71,232135008,0.064424,786819968,85.57,1672120064,0.990606,178828000,168.15
6348819968,10058.8,1346499968,472.9,720742976,0.299152,11889600512,3923.07,98904096,2.75,142588992,0.081415,388931008,96.03,794764032,1.0,179179008,203.21
5653320192,9818.35,1396480000,480.36,196735008,0.253927,3913339904,2805.89,126962000,2.86,45702000,0.059842999999999986,429591008,91.6,784436992,1.0,81489696,173.39
5475579904,9330.55,1197779968,471.33,133297000,0.248818,2538650112,2196.64,116846000,2.46,30583700,0.048896,357456992,85.93,636451968,1.01,61100400,163.37
4342060032,8790.92,1422080000,466.28,212592992,0.252393,1020590016,1862.88,48591800,2.05,10488700,0.043639,487896992,88.82,651987968,1.01,64076700,168.44
5058610176,8253.69,2292829952,474.91,211486000,0.244642,971254976,1801.88,44111800,1.88,11277900,0.040193,287392000,77.97,848627968,1.0,69178000,160.03
4225179904,8038.77,1845680000,410.17,240684992,0.242402,1457229952,1815.43,42235000,1.89,22012000,0.040535,315247008,73.22,735883008,0.994631,109392000,158.61
3633530112,8253.55,800819008,380.65,167078000,0.238859,2717410048,1966.14,44297600,1.89,13859400,0.042299,157890000,71.89,499812000,1.0,189472000,165.95
4277609984,8071.26,949912000,360.4,217851008,0.233271,1245190016,1607.65,56022900,1.9,9113270,0.037668,231664992,70.03,622649024,0.996047,72701504,141.74
3488450048,8200.64,807027008,366.73,214663008,0.23875900000000005,1386249984,1615.03,55477200,1.99,13726200,0.038121,188976000,72.25,449595008,1.0,59945400,135.76
3149319936,8036.49,1181529984,354.39,193808000,0.231016,922792000,1423.38,55081600,1.88,17796700,0.036566,243056992,71.59,485752992,1.0,42133000,129.48
3667190016,7790.15,649638976,347.61,144298000,0.228627,885886016,1323.07,52951400,1.93,6979350,0.036583,174063008,69.64,588136000,1.0,62156400,130.8
4651670016,7708.99,621732992,332.39,397071008,0.226581,1059609984,1410.06,50782500,1.75,11612900,0.035572,350504992,67.57,639398016,1.0,47127700,126.7
5123809792,7871.69,797254016,330.92,1022579968,0.227107,2553979904,1464.13,64675200,1.65,20597200,0.037234,418128992,71.06,650278976,1.0,74944096,120.31
4200880128,7315.54,722665984,333.36,100294000,0.212956,1285209984,1330.93,64150700,1.67,28206500,0.037053,194636000,63.82,449671008,1.0,49976700,121.37
3197110016,6635.75,1069680000,337.63,127361000,0.209825,1154620032,1430.1,107326000,1.67,18880900,0.036374,174111008,62.68,429857984,1.01,53544800,122.35
6263249920,6559.49,1041889984,316.72,132567000,0.203442,1032800000,1501.85,20848600,1.18,11245700,0.030656,237478000,61.4,767884032,1.01,116200000,123.4
8957349888,5950.07,1613479936,307.91,251175008,0.197339,780633984,1576.92,29229800,1.09,17002300,0.028182,322820000,59.01,1466060032,1.01,144948000,123.86
4908680192,6357.6,842300992,314.68,134503008,0.21043,1476739968,1559.93,27539300,1.16,17914400,0.033053,272494016,62.3,746227968,1.01,107708000,119.62
5208249856,6618.14,885985984,299.25,141032992,0.206483,574510016,1434.98,23024200,1.03,32634200,0.033073000000000005,291596000,59.26,756446016,1.01,84614000,105.59
3226249984,7143.58,893249984,320.88,147916992,0.217488,965150976,1462.68,24725800,1.18,32813200,0.039946,279652992,64.27,358188000,1.01,86864600,120.78
4602200064,7459.69,967955968,309.07,156959008,0.217437,1211730048,1389.78,37971000,1.13,39618700,0.033763,349454016,62.57,526848992,1.01,79822896,113.32
2326340096,7144.38,540766016,294.66,114073000,0.210354,2345250048,1359.71,16941200,0.951407,30855800,0.030699,402670016,61.3,255132992,1.01,81253296,99.76
3111899904,7022.76,579358976,298.89,102233000,0.20599,1274880000,1546.18,26059800,0.91695,12830800,0.02888,133918000,55.17,308963008,1.0,103722000,102.92
2380410112,7407.41,337657984,296.26,46959000,0.202055,1391459968,1622.57,32996400,1.09,8898200,0.026765,84302000,54.75,234616000,0.9988,27619800,86.35
2483800064,7379.95,416479008,300.47,74013200,0.20375,1593049984,1735.66,37546000,1.12,10822300,0.027294,83633104,55.04,285312000,1.0,23011500,87.3
3369860096,7207.76,646339968,305.71,373401984,0.208133,1560039936,1571.27,59247900,1.21,18470900,0.027779,150030000,56.18,358886016,1.01,37321100,87.99
4653770240,7078.5,904900992,287.43,197770000,0.205861,3128960000,1648.51,68358600,1.12,34417400,0.027607,221076992,54.74,425129984,1.0,48608100,83.76
2870320128,6767.31,553864000,291.69,67921000,0.194124,4112090112,1683.81,74917400,1.05,14361700,0.027353,112759000,53.18,246324000,1.0,36899300,85.72
2311379968,6468.4,369583008,305.88,43875700,0.200558,1517619968,1303.31,16200000,0.781782,16918000,0.029182,99381104,55.75,184182000,1.0,28704900,87.64
1772150016,6130.53,331441984,307.75,34835100,0.202711,772859008,1176.97,20481800,0.711433,14186100,0.031804,129287000,56.39,169424992,1.0,28179100,88.84
2859040000,6153.85,551752000,305.09,62511100,0.202785,800052992,1236.01,19902600,0.6658810000000001,22646700,0.030331,138340000,57.11,618257024,1.0,38368700,88.65
1403920000,5753.09,264424000,296.3,26864900,0.201835,1285910016,1172.05,5960600,0.5363680000000001,8887170,0.031038,71063200,54.69,120414000,1.0,25397400,86.31
1710130048,5780.9,257168992,297.42,29623000,0.202785,3053769984,1254.53,4730120,0.5221180000000001,15974900,0.034236,78923104,55.33,144634000,1.0,27939000,86.75
1905040000,5904.83,270272992,296.53,38193100,0.203628,3203429888,1185.48,5314240,0.518944,23633200,0.034546,81104704,55.74,162258000,0.999868,23132200,88.58
1966989952,5750.8,325040000,297.92,75017504,0.204604,2034690048,900.78,5046620,0.504073,35434500,0.035004,114510000,56.49,171432992,1.0,59952100,88.13
2735699968,5526.64,684281024,298.33,220080992,0.206644,1321779968,1212.4,7089410,0.514935,73178896,0.036649,199788992,55.96,257372000,1.0,42191100,88.4
2401840128,5930.32,482336000,286.95,99914800,0.196928,1697910016,1273.53,6162350,0.493225,43494400,0.033832,177315008,54.92,203487008,0.996536,26261800,85.21
2034630016,6008.42,327387008,295.45,75849504,0.204177,4850570240,1353.99,5538990,0.5179699999999999,56070400,0.031269,96781400,56.81,166215008,1.0,27130000,86.58
2207099904,6031.6,408014016,300.19,116807000,0.211016,8371319808,1388.86,7066060,0.526792,60801200,0.036429,139503008,58.2,171818000,1.0,25267200,88.12
2354429952,6011.45,396672992,304.01,182704000,0.210549,5139769856,1340.45,6150650,0.540684,35088200,0.026757,150542000,60.33,185163008,1.0,38260700,90.54
1780540032,5708.52,349830016,308.09,304542016,0.21515,5195420160,1007.42,8084770,0.566708,41683000,0.031195,160943008,59.74,150674000,1.0,35302300,88.62
2399269888,5590.69,606113984,314.32,354224992,0.21852,710387008,654.3,7320330,0.546006,66483500,0.035133,283868992,60.73,253904000,1.0,36277100,89.54
1821570048,5605.51,509924000,317.08,411264992,0.232064,837646016,622.46,6374050,0.552144,146372000,0.045842,205363008,59.48,216808000,0.999335,43866200,91.28
2008070016,5725.59,692884992,333.38,963158016,0.256232,375367008,616.3,6005900,0.561856,291627008,0.036865,200428000,64.62,204158000,0.99801,32185000,95.9
1976039936,5678.19,635406976,336.6,280211008,0.263983,794105024,602.65,6573060,0.571914,9059430,0.018925,453940000,65.47,209190000,0.999242,34188200,94.87
1669030016,5831.79,516561984,339.63,211160000,0.25732,816028032,630.7,6436220,0.582836,5671720,0.017522,313105984,63.95,139468000,0.999709,38886100,100.23
3615480064,5647.21,1304359936,338.76,398688992,0.260489,1161369984,620.45,8587370,0.58397,10486000,0.01796,357124000,59.43,319484992,1.0,63578800,95.13
2791610112,5446.91,527556992,304.14,245004000,0.248414,1682210048,625.32,8681880,0.591723,14626800,0.017784,341368992,60.11,216202000,0.997423,32783200,87.09
1222279936,4826.48,264146000,303.46,161206000,0.264439,1632060032,587.22,8705650,0.610223,12189100,0.01945,57390100,50.89,85384600,0.998625,21103400,87.42
1597139968,4781.99,359705984,299.87,384048992,0.260733,1152230016,531.83,7701180,0.555214,11082800,0.018953,90415504,50.72,137687008,0.999441,31695500,86.82
1968739968,4772.02,559467008,297.39,610110016,0.251825,343799008,439.05,6657950,0.557142,29343800,0.017601,152366000,50.16,178567008,0.99978,38063700,85.49
1313869952,4610.48,293167008,308.61,529838016,0.279944,796409024,448.23,5854700,0.6045010000000001,23922100,0.018598,100841000,53.14,123005000,0.998442,29220800,89.77
906928000,4426.89,342204992,311.12,77950200,0.23861,2002439936,451.92,6250760,0.588553,56853100,0.020959,51786200,52.58,89544096,0.99932,22617600,91.7
1069939968,4370.81,318664000,308.59,167492000,0.234039,781036992,423.35,6785670,0.5998439999999999,24002100,0.018403,59355900,52.12,92153696,1.0,24504100,91.19
1161769984,4328.41,253747008,295.86,404299008,0.237016,501988992,367.57,8038660,0.606157,9616220,0.014576,69594400,51.67,119952000,1.0,27697400,91.86
1116770048,4229.36,257906000,292.66,123573000,0.214774,234967008,338.2,5449300,0.601539,1670080,0.011851,77473400,51.4,114903000,1.0,29568100,90.41
1288019968,4317.48,321680000,292.46,48703100,0.203318,151935008,332.13,7114830,0.6312300000000001,2577540,0.012404,88516096,52.35,137567008,1.0,44289800,92.96
1431730048,4409.32,339443008,297.48,77412304,0.202676,267442000,326.89,8299880,0.6549729999999999,2362700,0.012962,95474600,53.38,126009000,1.0,27534700,91.54
1208210048,4403.74,306184992,302.34,51345500,0.206532,191558000,315.6,8938190,0.7077600000000001,1534340,0.013688,100183000,54.54,103007000,0.999924,25936500,93.22
1207449984,4338.71,332439008,301.46,54729300,0.197529,355545984,331.66,10179600,0.7216090000000001,1668730,0.013858,131446000,55.14,117411000,0.996488,28498000,95.76
1367049984,4163.07,541374976,291.47,72291200,0.193606,129938000,323.36,15499400,0.717272,1967140,0.013204,186560000,52.62,205406000,0.999863,38972400,94.5
1712320000,4174.73,501894016,299.15,117962000,0.196131,160204000,327.44,22672400,0.815693,2978100,0.013863,202008992,54.09,232499008,1.0,41822000,97.23
1686880000,4200.67,550243968,306.47,249934000,0.203299,195578000,330.81,11395600,0.633043,5645900,0.014378,220363008,56.28,201224000,1.0,51634900,101.04
1043740032,3892.35,345800992,287.44,70000704,0.186119,477184000,339.17,5789570,0.561128,2222670,0.012388,173663008,51.55,103839000,1.0,32540800,93.13
1374210048,3926.07,483160992,292.33,35622600,0.181487,1008160000,371.73,5592430,0.570774,2426680,0.012073,208640992,51.58,160336992,1.0,28114300,93.64
768014976,3682.84,571411008,282.48,20566500,0.175787,117797000,313.64,7534280,0.5462739999999999,1065700,0.011563,82147104,47.62,91337904,1.0,22224000,89.5
928113984,3792.4,450934016,286.17,32476700,0.17788199999999998,133385000,314.95,4809880,0.576697,2032830,0.011896,142072992,49.27,118296000,1.0,26372900,91.85
1194829952,3630.7,430080992,264.31,37244700,0.17351,164136992,321.96,4556540,0.569846,1825510,0.010776,218134000,48.09,164432000,1.0,28179100,88.17
1411480064,3631.04,601265984,258.58,43583200,0.171754,288209984,321.46,6972060,0.546153,2524650,0.0106,229363008,46.61,231706000,1.0,34290500,86.24
1213830016,3905.95,421404000,283.74,34521600,0.182078,262066000,313.21,6087520,0.612827,2522500,0.012236,160252000,51.73,137763008,1.0,34198900,95.57
1563980032,3924.97,646908992,282.8,54046100,0.184041,131577000,314.9,5520750,0.653363,3583140,0.011795,286583008,52.84,163298000,1.0,48249700,97.72
1943209984,4065.2,1127750016,293.5,88397904,0.189768,367808992,321.59,9065170,0.704878,4635400,0.013455000000000002,408675008,55.53,214648000,1.0,63732100,100.57
1239149952,3582.88,427452000,251.75,49161100,0.178393,288075008,314.16,8685770,0.6485920000000001,2253630,0.011211,245262000,48.49,119083000,1.01,41008200,93.74
1818400000,3625.04,711737024,246.52,84495200,0.179082,203754000,342.21,5602950,0.6275649999999999,3639010,0.011699,562278016,48.26,233444992,1.0,71163504,95.29
4148069888,3637.52,1935699968,250.46,289414016,0.181358,91004000,360.78,13121900,0.664289,11877600,0.012097,1554339968,48.21,540294976,1.01,176154000,99.85
2716310016,3154.95,1184589952,213.91,152532992,0.164167,182031008,363.01,13131300,0.603217,4609450,0.011038,749713984,41.58,356495008,1.0,133553000,83.04
2219409920,3882.59,921692032,277.11,105471000,0.200778,268340992,355.75,12370500,0.7289939999999999,2671500,0.015328,501521984,61.73,257404000,1.0,88162896,111.33
1864530048,4130.81,753144000,291.46,94519504,0.209303,251584000,358.45,15475800,0.8360770000000001,3189200,0.016324,481217984,64.23,162774000,1.01,40402700,111.89
1557330048,4161.27,571307008,294.53,138339008,0.214441,130247000,404.18,7763470,0.730869,3903590,0.016993,412076000,66.04,125845000,1.0,30605900,112.75
1679090048,4122.94,698326016,288.75,117091000,0.213031,219590000,421.19,9494440,0.7397630000000001,3452690,0.016269,529848000,61.61,163772992,1.01,50725200,112.33
1386230016,4226.06,528620992,294.4,51185500,0.209995,164290000,415.15,10281100,0.791608,2461230,0.017095,467895008,66.01,119580000,1.0,39220400,116.27
2700890112,4228.75,1098780032,296.5,151328992,0.211518,150564992,432.63,18650200,0.832764,5110680,0.017447,930673024,67.79,319590016,1.01,159066000,118.04
1844620032,4599.88,718624000,329.43,103080000,0.22364,148724992,436.77,22912100,0.977272,3784650,0.020096,526828992,78.48,166452992,1.0,62655700,120.84
2172100096,4597.12,1058830016,334.34,163296992,0.22618600000000005,300420992,447.81,26208300,0.914359,4741770,0.020346,830718016,80.11,192688992,1.01,64604400,121.63
2697969920,4376.53,1551049984,312.99,242636000,0.215189,197884992,457.31,30273900,0.8837079999999999,5204660,0.018567,1016089984,71.29,271614016,1.0,113378000,118.82
2987330048,4236.31,1801689984,295.17,239612992,0.204968,165303008,441.83,43045400,0.850526,6341980,0.017625,922041024,65.21,375472992,1.03,89194704,106.17
1933190016,4582.96,986265984,347.48,186526000,0.228811,302272000,445.8,22618600,1.25,2524130,0.021296,675462016,76.84,188687008,1.0,92631104,126.01
2722139904,4578.77,1483600000,348.98,329928000,0.226669,114527000,421.03,38741300,1.23,6551880,0.020837,1363990016,79.02,345971008,1.02,128849000,124.8
2599079936,4892.01,874222016,387.74,283576000,0.248479,189127008,428.5,25853000,1.3,8806440,0.023954,1551740032,86.04,199664000,1.0,163960992,141.2
1944930048,4703.39,706254016,383.04,432574016,0.25563,241904992,415.09,22926100,1.3,5039660,0.022405,633147008,71.06,109217000,1.0,131974000,140.41
1937849984,4565.3,1333319936,378.48,181186000,0.228006,316731008,416.26,24068700,1.23,5836630,0.021224,240308992,64.17,114992000,1.0,106543000,132.38
2486080000,4579.02,1220029952,370.67,269769984,0.218564,669264000,476.05,18993200,1.31,5990490,0.020104,294799008,63.17,132123000,1.0,104869000,133.04
1959330048,4382.66,854318976,347.75,542467968,0.224508,802321024,527.88,18414400,1.34,6305440,0.020525,556636992,62.36,130785000,1.0,216036000,145.4
1537459968,4382.88,633369984,347.89,193971008,0.202995,458550016,479.32,18124100,1.35,4308080,0.019785,890545984,61.16,104722000,1.0,92742200,130.68
1511609984,4352.4,514180992,333.88,184120992,0.212577,221828000,419.86,16466000,1.36,6739770,0.021208,126024000,51.75,98081296,0.998932,301843008,138.05
1727970048,4371.6,760329024,331.92,504484000,0.217828,313583008,440.22,20444500,1.38,6734260,0.020497,157619008,51.18,116308000,1.0,95835696,108.26
2037750016,4334.68,697665024,325.61,1342360064,0.218958,707230976,424.02,18034600,1.38,9530830,0.019024,391342016,50.19,132330000,1.0,70187104,86.29
2369819904,4151.52,811990016,317.52,1770400000,0.246827,257431008,367.04,36567800,1.41,25240300,0.020222,447188000,53.25,195159008,1.0,84961904,90.33
3764239872,4100.52,1336400000,314.79,1450040064,0.23928600000000005,340344000,503.61,23774300,1.28,18062400,0.021624,163104000,46.73,241915008,1.01,150286000,91.16
2800890112,4001.74,2448969984,321.59,447088992,0.191918,273824992,510.41,20152300,1.34,9391270,0.019753,207172000,47.94,208830000,0.999263,238775008,77.82
2109769984,4087.66,571947008,301.43,68542800,0.158735,274712000,537.81,15673200,1.37,7276760,0.017631,138850000,46.23,133754000,0.996629,15702600,54.71
2975820032,4193.7,860201984,297.47,87062096,0.155057,289508000,537.07,24769900,1.4,4290190,0.016513,155404000,45.48,281632992,1.0,27038800,55.96
2941710080,4160.62,936160000,295.59,146539008,0.158883,234578000,547.47,26841700,1.42,4253200,0.016842,293350016,47.28,255272000,1.01,14517200,46.69
2553359872,4331.69,909494016,301.46,56084300,0.157498,809763008,583.1,25713300,1.55,7228100,0.017327000000000002,104020000,43.91,166152000,1.01,11176000,47.45
2272039936,4376.63,967643008,302.27,107920000,0.160431,1082380032,652.85,24022000,1.6,8427430,0.017702000000000002,120765000,44.15,121473000,1.0,12423400,48.78
3258050048,4181.93,1051800000,289.82,100614000,0.161221,693240000,638.18,58304700,1.65,15330000,0.017433,206080992,43.31,213099008,1.0,13651100,48.74
2463089920,4325.13,864390976,300.1,84388304,0.169991,338977984,541.71,39205300,1.66,9974570,0.017622,114402000,45.8,125445000,0.998163,14023000,49.75
3159089920,4073.26,1369369984,298.06,110199000,0.16809200000000002,328956992,517.24,40514200,1.62,18070400,0.01825,242564992,45.81,198568992,0.998616,19587800,47.76
2219589888,3884.71,1111650048,310.6,65229300,0.173853,344862016,607.43,38131800,1.67,8536080,0.020218,142064992,46.43,130896000,1.0,17349200,49.37
2021190016,3650.62,953576000,308.86,54059700,0.179307,350478016,575.9,49178400,1.79,6968740,0.021480000000000003,137644000,47.1,111829000,1.0,8534390,50.65
1515110016,3381.28,1076819968,295.89,48162800,0.180399,393839008,622.17,43519300,1.83,5144750,0.022007,121661000,46.5,91695000,0.992991,9147740,49.47
1468960000,3342.47,2638579968,296.03,97805400,0.182947,298144000,588.17,36813700,1.83,9943390,0.022996,253103008,48.01,140568992,1.0,11466600,50.96
1752760064,3419.94,1502409984,296.77,180028000,0.192586,443856000,575.21,76270800,1.88,8748670,0.023737,205564992,48.63,130482000,1.0,12471600,51.94
1482279936,3378.94,935726976,269.18,58052100,0.179021,370016992,552.93,46022400,1.81,10141400,0.022195,106560000,45.8,110170000,0.996254,12794900,50.21
1105030016,3213.94,1482979968,261.57,74161600,0.180444,216272992,596.18,38436700,1.74,11789300,0.022701,147891008,45.1,103532000,1.0,8254240,47.83
1945699968,3252.91,1332999936,256.51,114270000,0.184737,402718016,620.9,52324800,1.91,28582700,0.023984,248320000,46.86,173138000,0.998314,12131400,48.58
1002120000,2895.89,539782976,223.07,45170000,0.173743,193414000,625.32,34183300,1.81,14348900,0.022241,114810000,43.45,59432500,1.0,7794340,45.12
804796992,2804.73,557217024,225.34,31479000,0.174612,348632000,641.05,25878000,1.8,3565840,0.01886,95497600,42.86,57242700,0.969304,8262040,43.36
1094950016,2710.67,632606016,219.95,53441400,0.17311300000000002,407176992,628.11,28880800,1.78,8405370,0.018413,103557000,42.13,84592704,1.0,8111580,43.63
1324669952,2718.26,1585330048,226.77,119957000,0.177053,501983008,669.4,39175500,1.78,7577370,0.017933,203656000,43.04,170044992,0.996819,17363300,44.15
860574976,2875.34,569414016,203.87,57273800,0.16738599999999998,1393260032,690.88,29657700,1.74,4522640,0.016094999999999998,240820992,43.02,75184896,1.0,13138500,39.84
705942976,2757.18,596233984,197.98,40621700,0.165082,1123399936,599.64,27580200,1.78,3890430,0.015984,75746704,40.42,60213000,0.998868,11709500,39.62
803745984,2726.45,824355008,205.79,80897000,0.169871,1494019968,712.87,44021100,1.83,4313590,0.017447,109945000,41.12,73768304,0.996619,7053810,43.89
1380099968,2809.01,562571008,193.12,74649800,0.165937,3196229888,754.56,64730400,1.85,8881060,0.016961,137556000,40.61,116290000,1.0,18694500,43.96
789104000,2671.78,393283008,204.32,34575100,0.173457,3087490048,690.24,69371696,1.95,4931040,0.018322,81714000,42.14,79850000,0.997275,15960700,45.24
937404032,2529.45,717692032,203.95,76584600,0.173822,744604992,460.53,48693200,1.74,7069110,0.018878,121389000,42.23,111957000,0.996955,26033100,45.8
1460089984,2576.48,1095760000,206.71,166807008,0.17810399999999998,106436000,300.21,42547000,1.65,11337500,0.018551,206307008,42.24,220992000,0.999802,12706300,40.68
866473984,2754.86,431691008,224.71,56632800,0.192002,133924000,297.86,36585400,1.87,6419140,0.022605,158532000,44.41,75766896,0.993997,12102100,45.58
1072840000,2730.4,649614976,225.95,195682000,0.195058,174968000,297.68,60205000,1.87,10264600,0.021769,219256992,44.06,114229000,0.997761,8634060,42.67
1177129984,2810.12,618259968,229.48,83913800,0.19332,120722000,298.05,41809000,1.96,16277000,0.022877,132333000,46.56,131558000,0.9932,9028920,44.71
1489449984,2667.76,1006129984,218.3,104722000,0.182608,126007000,317.09,58164900,1.82,9737820,0.019201,286020000,45.76,168919008,0.997202,9572580,40.34
2249260032,2817.6,2224999936,227.26,183292000,0.188295,233971008,328.24,45949800,1.74,11307300,0.018859,354801984,45.02,278993984,0.986866,14905700,40.3
1245100032,2273.43,2328790016,199.7,147778000,0.168388,136636992,275.95,55057600,1.56,6628620,0.017256,246376992,40.86,199312000,1.0,6994230,35.06
1512450048,2318.88,2709260032,234.39,295840992,0.188718,165032000,303.89,58108000,1.7,9243940,0.018666,380816000,44.3,238396000,0.998216,9949120,36.38
1201760000,2228.41,1669500032,193.42,312684992,0.17788900000000002,274880000,345.49,62295100,1.54,11344300,0.018614,355036000,42.67,171476000,0.996888,13708900,34.83
1182870016,1929.82,1516889984,157.36,257944000,0.148056,346545984,319.69,30802800,1.25,23584100,0.015653999999999998,393366016,40.91,177914000,0.999161,12434100,29.43
993608000,1998.86,810451968,170.65,131779000,0.17058900000000002,107606000,220.66,34208800,1.3,20287200,0.017618,327332000,38.92,125229000,1.0,9718770,32.09
882502976,2233.34,749382016,199.66,97037600,0.190769,144043008,213.15,41025200,1.55,12282200,0.016321000000000002,320419008,42.8,93146704,1.0,9558140,35.48
835769984,2357.9,828489024,209.73,216750000,0.200809,185038000,233.05,51203900,1.74,28951100,0.017351,229104992,46.33,104236000,1.0,9969180,38.23
1117410048,2398.84,1241190016,230.77,153023008,0.205354,161518000,364.05,104621000,2.07,16361500,0.017907,369964000,48.75,131420000,0.997456,15785600,40.39
1329760000,2337.79,1440950016,197.4,271415008,0.185019,416207008,452.66,111023000,1.66,17042700,0.014518,400044992,45.33,173424000,1.01,17988200,37.14
1111200000,2372.56,937219008,215.36,119367000,0.203165,65988800,380.01,79608800,1.83,10800400,0.015137,373252992,46.58,132682000,1.01,14633300,40.01
527856000,2518.44,505118016,242.14,82755000,0.233416,1075960,294.46,87525104,2.29,4104420,0.019499,409244000,49.58,45640800,1.01,12681200,44.85
733329984,2571.34,754958016,251.7,124578000,0.236134,606695,345.66,151162000,2.59,10411800,0.021597,604987008,52.14,62607300,0.999725,15801900,46.1
917411968,2518.66,687251968,245.99,88408000,0.23948000000000005,737815,384.77,96596496,2.8,8666130,0.020415,553712000,46.58,84663200,1.01,20324700,44.25
761956992,2608.56,623080000,270.55,43845800,0.254641,1230160,406.05,177463008,3.36,3682330,0.025418,461148992,51.13,44331000,1.0,23168300,50.12
941566016,2601.99,790256000,268.77,73292096,0.256523,533207,385.48,124339000,3.0,3517740,0.025441,790609024,53.19,66727600,0.99646,15243000,45.72
985516032,2601.64,687691008,273.3,56008900,0.254709,1784640,365.82,218559008,3.37,6393470,0.02575,1101750016,55.33,87707904,0.998828,14850800,45.47
964112000,2564.06,851408000,282.9,60367800,0.259959,524908,406.9,414950016,4.09,7572990,0.026266,729937984,46.43,87514200,1.0,13141000,43.63
803747008,2506.47,1123330048,287.99,54095000,0.259449,190952,440.7,320452000,2.71,11857600,0.025706,315630016,41.57,76519200,1.02,12774300,42.79
779913984,2434.55,1089200000,274.6,53611000,0.254744,85013,413.06,13613000,1.01,9301920,0.024466,225507008,38.99,82133800,1.02,10673500,40.96
