,Date,Open*,High,Low,Close**,Volume,Market Cap
0,2018-10-07,0.9979379999999999,1.0,0.992553,0.996617,2187670000,2800634329
1,2018-10-06,0.996503,1.0,0.995775,0.9971770000000001,2238520000,2796606830
2,2018-10-05,0.996195,1.0,0.9899950000000001,0.995778,2330830000,2795743520
3,2018-10-04,0.99834,1.0,0.9883959999999999,0.996185,2374680000,2801762604
4,2018-10-03,1.0,1.01,0.991395,0.998569,2812780000,2817285628
5,2018-10-02,0.9953799999999999,1.0,0.9939950000000001,0.999741,2818190000,2793457027
6,2018-10-01,0.996818,1.01,0.9937280000000001,0.997925,3069480000,2797493057
7,2018-09-30,1.0,1.01,0.991041,1.0,3307320000,2810691617
8,2018-09-29,1.0,1.01,0.990836,0.999602,3249000000,2812881257
9,2018-09-28,0.9947870000000001,1.01,0.9881489999999999,1.0,3447280000,2791792131
10,2018-09-27,1.0,1.01,0.977865,0.997107,3408680000,2810029539
11,2018-09-26,1.0,1.01,0.9908969999999999,1.0,3380990000,2812700934
12,2018-09-25,1.01,1.01,0.99306,1.0,3572280000,2821463173
13,2018-09-24,0.999409,1.01,0.994282,1.0,2852810000,2804764535
14,2018-09-23,0.9961629999999999,1.01,0.992725,0.9995120000000001,2804770000,2795653692
15,2018-09-22,0.9920450000000001,1.02,0.982721,1.0,3352660000,2784096442
16,2018-09-21,0.998697,1.02,0.975145,0.9944280000000001,5090540000,2752829578
17,2018-09-20,0.999453,1.01,0.990492,1.0,2689090000,2754913995
18,2018-09-19,1.01,1.01,0.96457,1.0,2635660000,2773491056
19,2018-09-18,1.01,1.01,0.9806229999999999,1.0,2687350000,2777912249
20,2018-09-17,0.999014,1.01,0.995283,1.0,2854420000,2753703795
21,2018-09-16,1.0,1.01,0.995185,1.0,2103110000,2768526045
22,2018-09-15,1.01,1.01,0.9937450000000001,1.0,2112840000,2775554280
23,2018-09-14,0.998975,1.02,0.988274,1.0,2804570000,2753596017
24,2018-09-13,1.0,1.01,0.986957,1.01,3009780000,2758423841
25,2018-09-12,1.0,1.01,0.989434,1.0,2512200000,2765142543
26,2018-09-11,0.99645,1.02,0.99645,1.0,2375530000,2746636129
27,2018-09-10,0.9988309999999999,1.01,0.9950379999999999,1.0,2300220000,2753199900
28,2018-09-09,1.0,1.02,0.968354,1.0,2470930000,2762867707
29,2018-09-08,1.01,1.02,0.9973219999999999,1.0,2345090000,2773719098
30,2018-09-07,1.0,1.01,0.996252,1.01,2778320000,2764926987
31,2018-09-06,1.01,1.03,0.9891620000000001,1.0,3695980000,2773931697
32,2018-09-05,0.999856,1.03,0.997398,1.01,4000180000,2766741194
33,2018-09-04,0.999627,1.0,0.993396,0.999517,2758550000,2801094286
34,2018-09-03,0.995396,1.0,0.9930100000000001,0.998642,2530750000,2829055850
35,2018-09-02,0.996865,1.01,0.993394,0.9978389999999999,2844130000,2733544310
36,2018-09-01,1.0,1.0,0.9851540000000001,0.996813,2910380000,2746792614
37,2018-08-31,1.0,1.01,0.9960370000000001,1.0,2659230000,2786346078
38,2018-08-30,0.999735,1.01,0.992116,1.0,2764870000,2781404223
39,2018-08-29,1.0,1.02,0.9911059999999999,1.0,3024040000,2812670339
40,2018-08-28,0.9976700000000001,1.0,0.9919610000000001,0.999395,2991530000,2805587028
41,2018-08-27,1.0,1.01,0.9832110000000001,0.9978020000000001,2718980000,2796708023
42,2018-08-26,1.0,1.01,0.99775,0.9992270000000001,1946530000,2801107289
43,2018-08-25,0.9985370000000001,1.0,0.995268,1.0,1958700000,2788055945
44,2018-08-24,0.9984290000000001,1.01,0.994293,1.0,2850500000,2787754051
45,2018-08-23,1.0,1.0,0.993635,0.998976,2392970000,2825945643
46,2018-08-22,1.0,1.01,0.981115,1.0,3325510000,2823529436
47,2018-08-21,1.01,1.01,0.9953639999999999,1.0,2350790000,2744294577
48,2018-08-20,1.0,1.02,0.997007,1.01,2596870000,2722653702
49,2018-08-19,1.01,1.01,0.996864,1.0,2622560000,2736760882
50,2018-08-18,1.0,1.01,0.9964780000000001,1.0,3247510000,2708666169
51,2018-08-17,1.0,1.01,0.994058,0.997761,3783430000,2416537212
52,2018-08-16,1.0,1.01,0.993986,1.0,2741290000,2408445984
53,2018-08-15,0.99503,1.01,0.993253,1.0,3277720000,2395177829
54,2018-08-14,1.0,1.02,0.991974,0.9975430000000001,3917750000,2417553888
55,2018-08-13,1.0,1.02,0.994659,1.0,2596380000,2409344435
56,2018-08-12,1.01,1.01,0.99493,1.0,4066320000,2421279979
57,2018-08-11,1.0,1.01,0.978541,1.01,2630390000,2407960746
58,2018-08-10,1.0,1.01,0.9918889999999999,1.0,2887490000,2410359103
59,2018-08-09,1.0,1.01,0.979456,1.0,2626630000,2408916875
60,2018-08-08,1.0,1.02,0.991345,1.0,3421800000,2441134258
61,2018-08-07,0.999416,1.03,0.995265,1.0,2942000000,2435715878
62,2018-08-06,1.0,1.0,0.9981690000000001,1.0,2336390000,2441614795
63,2018-08-05,0.997972,1.0,0.9962540000000001,0.999347,2204100000,2432197417
64,2018-08-04,1.0,1.0,0.9933360000000001,0.998505,2526060000,2437593282
65,2018-08-03,1.0,1.0,0.995755,0.9990950000000001,2843800000,2420488021
66,2018-08-02,0.9987459999999999,1.0,0.995199,1.0,2539460000,2394134850
67,2018-08-01,0.999215,1.0,0.9947540000000001,0.999409,3059190000,2460207729
68,2018-07-31,0.999708,1.01,0.99534,0.9995069999999999,3253100000,2506409448
69,2018-07-30,0.999317,1.01,0.9939870000000001,0.9989100000000001,4311410000,2505427945
70,2018-07-29,0.996403,1.0,0.9951049999999999,0.998919,2404489984,2498121984
71,2018-07-28,0.995606,1.0,0.995606,0.9978870000000001,2298899968,2496123904
72,2018-07-27,0.999553,1.0,0.991179,0.9971180000000001,3092310016,2506019840
73,2018-07-26,0.99674,1.0,0.992867,0.997951,2894500096,2498967040
74,2018-07-25,0.9923719999999999,1.0,0.985008,0.998791,3514560000,2488015872
75,2018-07-24,0.9979180000000001,1.0,0.99339,0.996505,4417310208,2601712384
76,2018-07-23,1.0,1.0,0.9919520000000001,0.9974959999999999,2808819968,2659345920
77,2018-07-22,1.0,1.01,0.994756,0.999843,2209939968,2660381952
78,2018-07-21,1.0,1.0,0.9957309999999999,1.0,2164900096,2660594688
79,2018-07-20,0.998921,1.01,0.9942790000000001,1.0,3072349952,2704219392
80,2018-07-19,1.0,1.0,0.993331,0.998088,3188349952,2709333248
81,2018-07-18,0.999476,1.01,0.9934040000000001,1.0,4082030080,2705721856
82,2018-07-17,1.0,1.01,0.9797819999999999,1.0,3620499968,2713393920
83,2018-07-16,0.998966,1.0,0.988297,0.9991389999999999,2864659968,2704340992
84,2018-07-15,1.0,1.0,0.996664,0.998352,1919559936,2713583360
85,2018-07-14,1.0,1.01,0.998031,1.0,1620770048,2713231360
86,2018-07-13,0.9993770000000001,1.01,0.995791,1.0,2279970048,2705453824
87,2018-07-12,1.0,1.01,0.994467,0.9990700000000001,2404160000,2613084672
88,2018-07-11,1.0,1.01,0.998898,1.0,2524790016,2609512960
89,2018-07-10,1.01,1.01,0.997819,1.0,2974149888,2626198528
90,2018-07-09,1.0,1.01,1.0,1.01,2358560000,2619133440
91,2018-07-08,1.0,1.01,1.0,1.0,2142080000,2619159040
92,2018-07-07,1.0,1.01,0.989028,1.01,2134790016,2611572480
93,2018-07-06,1.01,1.01,0.998692,1.0,2460250112,2726117376
94,2018-07-05,1.0,1.01,0.999482,1.01,3606159872,2710307840
95,2018-07-04,0.998857,1.0,0.9934370000000001,0.999195,2638139904,2704046080
96,2018-07-03,0.997445,1.0,0.995343,1.0,2786769920,2700223488
97,2018-07-02,0.999402,1.0,0.993193,0.998859,2787729920,2705521408
98,2018-07-01,0.997323,1.01,0.997016,0.998821,3653040128,2699893248
99,2018-06-30,1.0,1.01,0.992682,0.999192,2540620032,2715288832
100,2018-06-29,0.9960469999999999,1.01,0.9902610000000001,1.0,2482319872,2696439040
101,2018-06-28,0.9988229999999999,1.0,0.9897889999999999,0.997193,2331049984,2703953152
102,2018-06-27,1.0,1.01,0.981484,0.997935,2055360000,2713609216
103,2018-06-26,0.998834,1.01,0.9905120000000001,1.0,2025110016,2703983616
104,2018-06-25,1.0,1.01,0.984719,1.0,3956019968,2619836928
105,2018-06-24,0.998875,1.02,0.971736,1.01,3952620032,2604208384
106,2018-06-23,1.0,1.01,0.9906209999999999,1.0,2500859904,2610703616
107,2018-06-22,1.0,1.03,0.990974,1.0,3747810048,2610382848
108,2018-06-21,1.0,1.01,0.994075,1.0,2017639936,2608547072
109,2018-06-20,1.0,1.01,0.994434,0.9988290000000001,2215259904,2611605760
110,2018-06-19,1.0,1.01,0.9948459999999999,1.0,2253370112,2616600576
111,2018-06-18,1.0,1.01,0.9911639999999999,1.0,2073910016,2615990784
112,2018-06-17,1.0,1.01,0.998453,1.01,1548390016,2619828992
113,2018-06-16,1.0,1.01,0.987984,1.0,1797939968,2617234944
114,2018-06-15,1.0,1.01,0.9951030000000001,1.01,2376110080,2511217920
115,2018-06-14,1.0,1.01,0.993035,1.0,3104209920,2512021760
116,2018-06-13,1.0,1.03,0.994316,1.0,3056750080,2519058176
117,2018-06-12,1.0,1.02,0.998669,1.0,2702340096,2517265408
118,2018-06-11,1.01,1.01,0.991656,1.0,2913220096,2520418816
119,2018-06-10,1.01,1.02,0.989031,0.998215,3845029888,2530640128
120,2018-06-09,1.0,1.01,0.999194,1.01,2006880000,2512298240
121,2018-06-08,0.9999399999999999,1.01,0.9943299999999999,1.0,2219579904,2506991104
122,2018-06-07,0.9994629999999999,1.01,0.996242,0.99875,2554540032,2505795072
123,2018-06-06,0.997917,1.01,0.990877,1.0,2508359936,2501917952
124,2018-06-05,0.9992629999999999,1.01,0.9908790000000001,1.0,2796069888,2505292800
125,2018-06-04,0.997714,1.01,0.995257,1.0,2798279936,2501409792
126,2018-06-03,0.99203,1.0,0.9868469999999999,1.0,2796300032,2487158272
127,2018-06-02,1.0,1.01,0.986231,0.9935299999999999,3187569920,2507596288
128,2018-06-01,0.9990879999999999,1.01,0.9946940000000001,1.0,2486080000,2504852992
129,2018-05-31,1.0,1.01,0.994691,0.9980030000000001,2613339904,2512157952
130,2018-05-30,0.9994870000000001,1.01,0.995158,0.999727,2429060096,2505854720
131,2018-05-29,0.9992700000000001,1.01,0.9857899999999999,1.0,3003919872,2505311744
132,2018-05-28,1.0,1.01,0.9874780000000001,1.0,2582710016,2508579584
133,2018-05-27,1.0,1.01,0.9915510000000001,0.999182,1885900032,2511545856
134,2018-05-26,1.0,1.01,0.9829049999999999,0.99989,1872140032,2514587648
135,2018-05-25,0.999292,1.01,0.990553,1.0,2375610112,2505365504
136,2018-05-24,1.0,1.01,0.9937280000000001,0.998818,3122710016,2510526720
137,2018-05-23,1.0,1.01,0.9960530000000001,1.0,3360600064,2509060608
138,2018-05-22,1.0,1.01,0.9960620000000001,1.0,2417590016,2514989312
139,2018-05-21,0.999592,1.01,0.9968450000000001,1.0,2406449920,2506117888
140,2018-05-20,1.0,1.0,0.990756,0.999117,2610939904,2510830592
141,2018-05-19,1.0,1.01,0.99425,1.0,2569299968,2507663360
142,2018-05-18,1.0,1.0,0.993732,1.0,3051709952,2312893696
143,2018-05-17,1.0,1.01,0.9967469999999999,1.0,3026749952,2308562176
144,2018-05-16,1.0,1.01,0.990384,0.99995,3238190080,2211882240
145,2018-05-15,1.0,1.01,0.9938530000000001,1.0,3315440128,2208327168
146,2018-05-14,1.0,1.01,0.989507,1.0,3820280064,2211479040
147,2018-05-13,1.0,1.01,0.9932479999999999,1.0,3179099904,2208214016
148,2018-05-12,0.99975,1.02,0.984735,1.0,4539990016,2106613760
149,2018-05-11,1.0,1.01,0.9829959999999999,1.0,4733060096,2115716480
150,2018-05-10,0.9994219999999999,1.01,0.995984,1.0,3430200064,2105922944
151,2018-05-09,1.0,1.01,0.993117,1.0,3236689920,2111399296
152,2018-05-08,0.9987450000000001,1.01,0.994675,1.0,3317769984,2154433280
153,2018-05-07,0.995351,1.01,0.99085,0.997237,4137240064,2186926336
154,2018-05-06,0.995906,1.01,0.9923209999999999,0.997202,3948859904,2257858560
155,2018-05-05,0.999448,1.0,0.992373,0.9962840000000001,3848780032,2265890048
156,2018-05-04,1.01,1.01,0.9922040000000001,0.998561,3844979968,2330611456
157,2018-05-03,0.996267,1.01,0.99392,0.997973,4307829760,2308492032
158,2018-05-02,1.0,1.0,0.9927360000000001,0.9974639999999999,3711889920,2418639872
159,2018-05-01,1.0,1.01,0.993633,1.0,3901110016,2417739776
160,2018-04-30,0.997553,1.01,0.9929209999999999,0.998919,4498440192,2411225600
161,2018-04-29,0.998866,1.01,0.9923040000000001,0.998016,5167799808,2414399488
162,2018-04-28,1.0,1.01,0.991015,0.9993350000000001,4066050048,2419018496
163,2018-04-27,1.0,1.01,0.995122,1.0,4060179968,2422085632
164,2018-04-26,1.0,1.01,0.992381,0.9996139999999999,4206320128,2422597632
165,2018-04-25,1.01,1.02,0.986074,0.991809,6126580224,2298787072
166,2018-04-24,0.998974,1.01,0.990297,1.0,5033249792,2284794368
167,2018-04-23,0.99513,1.0,0.9887799999999999,0.9978469999999999,3075480064,2276002560
168,2018-04-22,1.0,1.01,0.9891909999999999,0.9961959999999999,3176019968,2297004288
169,2018-04-21,0.9970709999999999,1.01,0.993816,0.999014,3570040064,2280442368
170,2018-04-20,0.99755,1.0,0.9882850000000001,0.998338,3458870016,2281536512
171,2018-04-19,0.997907,1.0,0.9928889999999999,0.997185,2217799936,2282352640
172,2018-04-18,1.0,1.01,0.983284,0.997609,2112089984,2288648192
173,2018-04-17,0.997217,1.01,0.9913200000000001,0.998556,2075650048,2280775936
174,2018-04-16,0.998884,1.01,0.9957540000000001,0.997592,2125180032,2284588800
175,2018-04-15,0.996308,1.01,0.986564,0.998602,2057859968,2278695680
176,2018-04-14,1.0,1.01,0.993994,0.9997659999999999,2060220032,2291314944
177,2018-04-13,0.9958389999999999,1.01,0.989434,0.9988950000000001,3218919936,2277623040
178,2018-04-12,0.996408,1.02,0.986025,0.9968309999999999,3636590080,2278925824
179,2018-04-11,0.9975930000000001,1.0,0.9925209999999999,1.0,1741699968,2281635328
180,2018-04-10,0.9969530000000001,1.0,0.9917440000000001,0.9973559999999999,1253949952,2280170752
181,2018-04-09,0.997541,1.01,0.9933930000000001,0.997555,1678770048,2281515776
182,2018-04-08,1.0,1.01,0.995091,0.9968090000000001,1090880000,2290638080
183,2018-04-07,1.0,1.01,0.9865200000000001,0.9996440000000001,1332259968,2291127296
184,2018-04-06,1.0,1.01,0.991376,1.0,1257110016,2287853312
185,2018-04-05,1.0,1.01,0.987434,1.0,1609469952,2291818752
186,2018-04-04,1.0,1.01,0.9942700000000001,1.0,1772329984,2296236032
187,2018-04-03,0.9975870000000001,1.01,0.995073,1.0,1753520000,2281622016
188,2018-04-02,1.0,1.01,0.98806,1.0,1550880000,2294764288
189,2018-04-01,0.9957020000000001,1.01,0.980778,0.9998100000000001,1832530048,2277309696
190,2018-03-31,0.997014,1.01,0.993569,1.0,1763719936,2280312320
191,2018-03-30,0.9958969999999999,1.01,0.979633,0.998943,2596849920,2277757696
192,2018-03-29,1.0,1.01,0.9824719999999999,0.9986229999999999,2486609920,2293081088
193,2018-03-28,1.0,1.01,0.993721,0.9992040000000001,1857049984,2292350208
194,2018-03-27,1.0,1.01,0.9894729999999999,1.0,2051079936,2292673280
195,2018-03-26,0.9966,1.01,0.983682,1.0,2183960064,2279363584
196,2018-03-25,1.0,1.01,0.994482,0.9996860000000001,1511320064,2287422976
197,2018-03-24,1.0,1.01,0.9942989999999999,1.01,1785500032,2290888192
198,2018-03-23,0.9992209999999999,1.01,0.9902350000000001,0.9902350000000001,1995699968,2285359104
199,2018-03-22,0.99946,1.01,0.993468,0.9989819999999999,2171849984,2215943680
200,2018-03-21,0.9969379999999999,1.01,0.992647,0.999244,2353890048,2210352896
201,2018-03-20,1.01,1.01,0.9895700000000001,0.9968319999999999,2506319872,2230491648
202,2018-03-19,0.982194,1.02,0.982194,0.989867,2638089984,2177662464
203,2018-03-18,1.01,1.01,0.9797809999999999,1.0,2639470080,2228614400
204,2018-03-17,1.0,1.01,0.9907309999999999,1.0,1687920000,2220585984
205,2018-03-16,0.997509,1.01,0.989567,0.998551,1872050048,2211618048
206,2018-03-15,1.0,1.01,0.9849389999999999,1.0,2259869952,2218615040
207,2018-03-14,0.9965809999999999,1.02,0.9913370000000001,1.0,2151670016,2209560576
208,2018-03-13,1.0,1.01,0.987195,0.999843,1890040064,2221213440
209,2018-03-12,1.0,1.01,0.9885299999999999,1.0,2155559936,2217541888
210,2018-03-11,1.0,1.01,0.9947090000000001,1.0,2394810112,2224830208
211,2018-03-10,0.997607,1.01,0.994936,1.01,2218810112,2211836160
212,2018-03-09,0.9997229999999999,1.01,0.9885639999999999,1.0,3131620096,2216526848
213,2018-03-08,1.0,1.01,0.985734,1.01,2636689920,2220542208
214,2018-03-07,0.9983540000000001,1.02,0.9813780000000001,1.0,3037380096,2213490432
215,2018-03-06,1.01,1.01,0.99626,1.0,2491849984,2228314880
216,2018-03-05,0.9975209999999999,1.0,0.9950190000000001,0.998864,2227680000,2211643648
217,2018-03-04,1.0,1.0,0.995287,0.997612,2133910016,2217572864
218,2018-03-03,0.9952479999999999,1.01,0.993477,1.0,2181489920,2206604800
219,2018-03-02,0.998189,1.01,0.994439,0.9997299999999999,2172250112,2213125120
220,2018-03-01,0.9998469999999999,1.01,0.9956790000000001,1.0,2285570048,2216801280
221,2018-02-28,1.0,1.01,0.992791,0.9989030000000001,2414230016,2224427520
222,2018-02-27,0.998677,1.01,0.991642,1.0,2473019904,2214207488
223,2018-02-26,0.997664,1.01,0.989677,0.999561,2362210048,2211961600
224,2018-02-25,1.0,1.01,0.9962290000000001,1.0,1968850048,2227758336
225,2018-02-24,1.0,1.01,0.9938870000000001,1.0,2417710080,2219662080
226,2018-02-23,1.01,1.01,0.9937020000000001,1.0,2815280128,2235883264
227,2018-02-22,1.0,1.01,0.9939979999999999,1.0,2904620032,2220534528
228,2018-02-21,1.01,1.01,0.988699,1.0,3459830016,2229033728
229,2018-02-20,1.0,1.01,0.994081,1.0,3126220032,2218574848
230,2018-02-19,1.0,1.01,0.994041,1.0,2546439936,2220089088
231,2018-02-18,1.0,1.02,0.9988319999999999,1.01,3124179968,2227521024
232,2018-02-17,1.0,1.01,0.996919,1.0,2797600000,2227641856
233,2018-02-16,1.01,1.01,0.9967459999999999,1.0,2605819904,2228312064
234,2018-02-15,1.01,1.02,0.9972030000000001,1.01,3286909952,2228322048
235,2018-02-14,0.997715,1.01,0.993292,1.0,3066190080,2212075776
236,2018-02-13,1.0,1.01,0.9959309999999999,1.0,2226759936,2218904320
237,2018-02-12,1.0,1.01,0.990812,1.0,2457489920,2217608960
238,2018-02-11,1.0,1.01,0.992728,0.999251,2431739904,2228046592
239,2018-02-10,1.0,1.01,0.993346,1.0,2628379904,2224852736
240,2018-02-09,1.02,1.05,0.995049,1.0,1631139968,2263895552
241,2018-02-08,0.99497,1.03,0.987534,1.02,2466619904,2205988096
242,2018-02-07,1.0,1.02,0.9846469999999999,1.0,3307539968,2221905664
243,2018-02-06,0.9785,1.02,0.958318,1.01,6247249920,2169471488
244,2018-02-05,0.9957940000000001,1.02,0.9447770000000001,0.996308,4078980096,2207815424
245,2018-02-04,1.0,1.01,0.975209,1.01,2504640000,2226848256
246,2018-02-03,0.9940709999999999,1.02,0.9828790000000001,1.0,2488529920,2203996416
247,2018-02-02,0.986294,1.02,0.9251440000000001,0.9907469999999999,4785869824,2186753536
248,2018-02-01,0.9915579999999999,1.01,0.9547709999999999,0.9869389999999999,3498899968,2198423808
249,2018-01-31,0.9925379999999999,1.0,0.971403,0.990274,2663930112,2230371840
250,2018-01-30,0.9986719999999999,1.01,0.9754360000000001,0.9864860000000001,3108630016,2275066368
251,2018-01-29,0.98844,1.0,0.981718,0.9953190000000001,2031160064,2251756544
252,2018-01-28,0.996548,1.0,0.981275,0.98879,2546639872,1612504576
253,2018-01-27,1.0,1.01,0.9922270000000001,0.993325,2051980032,1622632448
254,2018-01-26,0.9975709999999999,1.02,0.9857670000000001,1.0,2957009920,1614160768
255,2018-01-25,1.01,1.01,0.987358,0.9995950000000001,2571930112,1627038336
256,2018-01-24,1.0,1.03,0.992246,0.997484,2620630016,1619451264
257,2018-01-23,1.0,1.02,0.984474,1.01,3126830080,1624555392
258,2018-01-22,1.0,1.02,0.99151,1.01,3274899968,1624570880
259,2018-01-21,1.0,1.03,0.9970690000000001,0.9998610000000001,3302010112,1622821120
260,2018-01-20,1.01,1.01,0.9914430000000001,1.0,2942779904,1629409280
261,2018-01-19,1.02,1.04,1.0,1.0,2876989952,1655831936
262,2018-01-18,1.02,1.04,1.0,1.02,4302300160,1646024832
263,2018-01-17,1.03,1.07,0.9977389999999999,1.01,5588839936,1671282432
264,2018-01-16,1.01,1.05,0.999001,1.03,5552929792,1478028416
265,2018-01-15,1.02,1.02,1.0,1.01,2557179904,1490686976
266,2018-01-14,1.0,1.04,1.0,1.02,2960410112,1474488576
267,2018-01-13,1.0,1.01,0.996576,1.0,2759879936,1474155136
268,2018-01-12,1.01,1.02,0.997711,1.01,2668219904,1477266304
269,2018-01-11,0.999976,1.02,0.9901979999999999,1.0,3841110016,1468054272
270,2018-01-10,1.01,1.01,0.9964459999999999,1.0,3189860096,1475647488
271,2018-01-09,1.01,1.01,1.0,1.01,2766180096,1480690432
272,2018-01-08,1.01,1.04,0.997617,1.01,3815749888,1475635584
273,2018-01-07,1.01,1.02,0.998208,1.0,2338180096,1478767744
274,2018-01-06,1.0,1.01,0.9968469999999999,1.01,2620080128,1468496000
275,2018-01-05,1.0,1.01,0.985915,0.998634,3096620032,1470664960
276,2018-01-04,1.01,1.02,0.993822,1.0,3200130048,1386144640
277,2018-01-03,1.01,1.02,1.0,1.01,2471689984,1377124352
278,2018-01-02,1.01,1.01,0.99325,1.0,2635859968,1375936512
279,2018-01-01,1.01,1.02,1.0,1.01,1685299968,1385264256
280,2017-12-31,1.02,1.02,1.0,1.01,1927010048,1401350912
281,2017-12-30,1.01,1.03,0.992842,1.02,2711059968,1378644736
282,2017-12-29,1.01,1.02,1.0,1.01,1929090048,1281974912
283,2017-12-28,1.0,1.03,1.0,1.01,2211409920,1222126080
284,2017-12-27,1.0,1.01,0.996458,1.0,1939949952,1223800832
285,2017-12-26,1.01,1.02,0.9985799999999999,1.0,1854780032,1230872192
286,2017-12-25,1.03,1.03,1.01,1.01,1708380032,1250340992
287,2017-12-24,1.05,1.07,1.02,1.02,2611589888,1279864320
288,2017-12-23,1.01,1.05,1.01,1.05,2353740032,1233177344
289,2017-12-22,1.01,1.06,0.963089,1.02,4687949824,1225820544
290,2017-12-21,1.0,1.04,0.9938110000000001,1.01,3106720000,1171755648
291,2017-12-20,1.01,1.02,0.989079,1.0,3751790080,1178882432
292,2017-12-19,1.01,1.03,0.996768,1.01,3073860096,1133706240
293,2017-12-18,1.01,1.02,0.99574,1.01,2517230080,1130792576
294,2017-12-17,1.01,1.02,1.0,1.01,1931020032,1132154368
295,2017-12-16,1.02,1.02,1.0,1.01,1592729984,1036707968
296,2017-12-15,1.01,1.02,0.995525,1.02,2044499968,1029020224
297,2017-12-14,1.03,1.05,1.01,1.01,2336179968,912768000
298,2017-12-13,1.08,1.09,1.02,1.03,2198139904,906934528
299,2017-12-12,1.02,1.08,1.0,1.08,2240839936,854806080
300,2017-12-11,1.01,1.03,0.99995,1.02,1542119936,824372928
301,2017-12-10,1.02,1.04,0.9715360000000001,1.02,1649500032,831977600
302,2017-12-09,1.02,1.05,0.99356,1.02,1598909952,830770624
303,2017-12-08,1.04,1.06,0.986563,1.02,1993030016,843586880
304,2017-12-07,1.01,1.08,1.0,1.03,1671609984,819774912
305,2017-12-06,0.99976,1.02,0.99584,1.01,1281490048,813821696
306,2017-12-05,1.0,1.01,0.996458,1.0,814145984,816872000
307,2017-12-04,1.0,1.01,0.992132,1.0,668510016,816012096
308,2017-12-03,1.0,1.03,0.9853200000000001,1.0,946748992,814847488
309,2017-12-02,1.01,1.02,0.995611,0.999654,679950016,770857920
310,2017-12-01,1.01,1.02,0.993043,1.01,749395968,769515648
311,2017-11-30,1.0,1.03,0.9893190000000001,1.01,1043969984,741867712
312,2017-11-29,1.0,1.05,0.9556180000000001,0.990606,1672120064,675057728
313,2017-11-28,1.0,1.01,0.9960479999999999,1.0,794764032,676908032
314,2017-11-27,1.01,1.02,0.9981260000000001,1.0,784436992,679525056
315,2017-11-26,1.0,1.02,1.0,1.01,636451968,677815040
316,2017-11-25,1.0,1.01,0.9950760000000001,1.01,651987968,676530368
317,2017-11-24,1.0,1.01,0.9880040000000001,1.0,848627968,677757824
318,2017-11-23,0.998658,1.01,0.992239,0.9946309999999999,735883008,674061184
319,2017-11-22,0.9974270000000001,1.0,0.9927889999999999,1.0,499812000,673230464
320,2017-11-21,1.0,1.01,0.9885719999999999,0.9960469999999999,622649024,677308224
321,2017-11-20,1.0,1.0,0.9965379999999999,1.0,449595008,675897280
322,2017-11-19,1.0,1.01,0.996693,1.0,485752992,645544960
323,2017-11-18,1.0,1.01,0.99634,1.0,588136000,644434624
324,2017-11-17,0.995758,1.01,0.995758,1.0,639398016,611413376
325,2017-11-16,1.01,1.01,0.993232,1.0,650278976,597473152
326,2017-11-15,1.0,1.01,1.0,1.0,449671008,596737536
327,2017-11-14,1.01,1.01,0.996898,1.01,429857984,597132032
328,2017-11-13,1.0,1.03,0.975103,1.01,767884032,596721856
329,2017-11-12,1.01,1.11,0.967601,1.01,1466060032,597637632
330,2017-11-11,1.01,1.03,0.995799,1.01,746227968,567436416
331,2017-11-10,1.01,1.02,0.9954860000000001,1.01,756446016,537533952
332,2017-11-09,1.01,1.01,0.9965149999999999,1.01,358188000,499434112
333,2017-11-08,1.0,1.04,0.994842,1.01,526848992,516369760
334,2017-11-07,0.9998819999999999,1.01,0.9970829999999999,1.01,255132992,494003232
335,2017-11-06,1.0,1.01,0.9932690000000001,1.0,308963008,495238080
336,2017-11-05,1.0,1.01,0.995977,0.9988,234616000,494443680
337,2017-11-04,1.0,1.01,0.994864,1.0,285312000,489255200
338,2017-11-03,0.9990629999999999,1.01,0.9963629999999999,1.01,358886016,451638208
339,2017-11-02,0.9998530000000001,1.04,0.996339,1.0,425129984,451995072
340,2017-11-01,1.0,1.0,0.9956430000000001,1.0,246324000,452561280
341,2017-10-31,0.9983270000000001,1.0,0.996871,1.0,184182000,451305344
342,2017-10-30,1.0,1.0,0.9946649999999999,1.0,169424992,452540480
343,2017-10-29,1.0,1.01,0.991302,1.0,618257024,438159648
344,2017-10-28,0.9998379999999999,1.01,0.998318,1.0,120414000,436990944
345,2017-10-27,0.999916,1.01,0.9964149999999999,1.0,144634000,437024768
346,2017-10-26,1.0,1.01,0.9977389999999999,0.999868,162258000,438063104
347,2017-10-25,1.0,1.01,0.9958530000000001,1.0,171432992,438041504
348,2017-10-24,0.994611,1.02,0.9851139999999999,1.0,257372000,434706016
349,2017-10-23,1.0,1.01,0.993556,0.9965360000000001,203487008,437656160
350,2017-10-22,0.99992,1.01,0.996909,1.0,166215008,437025984
351,2017-10-21,1.0,1.01,0.9927739999999999,1.0,171818000,437391264
352,2017-10-20,1.0,1.01,0.997444,1.0,185163008,437495936
353,2017-10-19,1.0,1.01,0.996,1.0,150674000,438120224
354,2017-10-18,0.9989459999999999,1.01,0.9914870000000001,1.0,253904000,436600992
355,2017-10-17,0.998252,1.02,0.981165,0.9993350000000001,216808000,436297696
356,2017-10-16,0.998,1.01,0.9840200000000001,0.9980100000000001,204158000,436187424
357,2017-10-15,1.0,1.01,0.9927590000000001,0.999242,209190000,437236576
358,2017-10-14,1.0,1.0,0.9959030000000001,0.9997090000000001,139468000,437279296
359,2017-10-13,1.0,1.02,0.9926969999999999,1.0,319484992,437101024
360,2017-10-12,0.999843,1.0,0.990707,0.997423,216202000,436993056
361,2017-10-11,0.9979620000000001,1.0,0.9971059999999999,0.998625,85384600,436170688
362,2017-10-10,1.0,1.0,0.9965219999999999,0.999441,137687008,437229504
363,2017-10-09,0.9988969999999999,1.01,0.9944149999999999,0.9997799999999999,178567008,436579296
364,2017-10-08,0.99811,1.0,0.9953299999999999,0.998442,123005000,436235360
365,2017-10-07,0.9995879999999999,1.0,0.9928309999999999,0.9993200000000001,89544096,436881568
366,2017-10-06,1.0,1.01,0.998001,1.0,92153696,437245376
367,2017-10-05,1.0,1.01,0.996433,1.0,119952000,437179488
368,2017-10-04,1.0,1.01,0.997725,1.0,114903000,437896448
369,2017-10-03,1.0,1.01,0.9988,1.0,137567008,437885344
370,2017-10-02,0.998088,1.0,0.995807,1.0,126009000,436225792
371,2017-10-01,0.997266,1.0,0.994993,0.9999239999999999,103007000,435866656
372,2017-09-30,1.0,1.0,0.9939040000000001,0.9964879999999999,117411000,437243808
373,2017-09-29,0.9983569999999999,1.02,0.994503,0.999863,205406000,426359936
374,2017-09-28,1.0,1.01,0.9952639999999999,1.0,232499008,427100352
375,2017-09-27,1.0,1.0,0.9912860000000001,1.0,201224000,427608960
376,2017-09-26,1.0,1.01,0.9959459999999999,1.0,103839000,442851040
377,2017-09-25,1.0,1.01,0.9843879999999999,1.0,160336992,443878912
378,2017-09-24,1.0,1.01,0.9991,1.0,91337904,443271712
379,2017-09-23,1.0,1.01,0.997654,1.0,118296000,442840448
380,2017-09-22,1.01,1.01,0.998901,1.0,164432000,444763104
381,2017-09-21,0.9974459999999999,1.02,0.994434,1.0,231706000,441350976
382,2017-09-20,1.0,1.0,0.988993,1.0,137763008,444391968
383,2017-09-19,1.0,1.01,0.9954870000000001,1.0,163298000,443240192
384,2017-09-18,1.0,1.01,0.992399,1.0,214648000,443461248
385,2017-09-17,1.01,1.01,0.992028,1.01,119083000,445726240
386,2017-09-16,1.0,1.04,0.99121,1.0,233444992,443607200
387,2017-09-15,1.0,1.03,0.966404,1.01,540294976,420282688
388,2017-09-14,1.0,1.03,0.979949,1.0,356495008,414813344
389,2017-09-13,1.0,1.02,0.9919629999999999,1.0,257404000,404357536
390,2017-09-12,1.0,1.02,0.9962260000000001,1.01,162774000,404210368
391,2017-09-11,1.0,1.02,0.990974,1.0,125845000,405354848
392,2017-09-10,1.0,1.02,0.99618,1.01,163772992,405081600
393,2017-09-09,1.01,1.01,0.9983700000000001,1.0,119580000,398820000
394,2017-09-08,1.0,1.05,0.9973270000000001,1.01,319590016,394388160
395,2017-09-07,1.0,1.01,0.99577,1.0,166452992,386679360
396,2017-09-06,1.01,1.05,1.0,1.01,192688992,387469120
397,2017-09-05,1.03,1.04,0.999893,1.0,271614016,379945248
398,2017-09-04,1.0,1.05,0.997741,1.03,375472992,364942624
399,2017-09-03,1.01,1.03,0.9996200000000001,1.0,188687008,348835808
400,2017-09-02,1.0,1.04,0.9987389999999999,1.02,345971008,320965888
401,2017-09-01,1.0,1.01,1.0,1.0,199664000,320792480
402,2017-08-31,1.0,1.01,0.9995139999999999,1.0,109217000,319518400
403,2017-08-30,1.0,1.01,0.9961190000000001,1.0,114992000,320041376
404,2017-08-29,1.0,1.02,0.99569,1.0,132123000,320306528
405,2017-08-28,1.0,1.01,0.9955649999999999,1.0,130785000,320279232
406,2017-08-27,1.0,1.01,0.9970899999999999,1.0,104722000,319542624
407,2017-08-26,1.0,1.01,0.995768,0.9989319999999999,98081296,320776064
408,2017-08-25,1.0,1.02,0.9981120000000001,1.0,116308000,321015424
409,2017-08-24,0.999332,1.01,0.990714,1.0,132330000,319287936
410,2017-08-23,1.0,1.01,0.991684,1.0,195159008,320871552
411,2017-08-22,1.0,1.02,0.990916,1.01,241915008,319888224
412,2017-08-21,0.9995379999999999,1.01,0.990459,0.9992629999999999,208830000,319353664
413,2017-08-20,0.997167,1.02,0.983909,0.9966290000000001,133754000,318596320
414,2017-08-19,1.01,1.04,0.980183,1.0,281632992,322030368
415,2017-08-18,1.01,1.03,0.9849049999999999,1.01,255272000,322034592
416,2017-08-17,1.0,1.01,0.9890700000000001,1.01,166152000,319712160
417,2017-08-16,0.9989629999999999,1.01,0.991915,1.0,121473000,319170080
418,2017-08-15,1.0,1.02,0.9945129999999999,1.0,213099008,319616608
419,2017-08-14,0.995682,1.01,0.990626,0.9981629999999999,125445000,318121664
420,2017-08-13,1.0,1.02,0.9804139999999999,0.998616,198568992,319661280
421,2017-08-12,1.0,1.01,0.9952129999999999,1.0,130896000,319784512
422,2017-08-11,0.996635,1.01,0.9884280000000001,1.0,111829000,318426208
423,2017-08-10,0.998799,1.01,0.988217,0.992991,91695000,319117600
424,2017-08-09,0.999236,1.01,0.993707,1.0,140568992,319257024
425,2017-08-08,0.9942200000000001,1.01,0.989566,1.0,130482000,317654592
426,2017-08-07,0.999468,1.01,0.9900559999999999,0.9962540000000001,110170000,319331072
427,2017-08-06,1.0,1.01,0.9931190000000001,1.0,103532000,320093056
428,2017-08-05,1.0,1.03,0.991505,0.9983139999999999,173138000,320940416
429,2017-08-04,0.9684520000000001,1.01,0.966326,1.0,59432500,309421600
430,2017-08-03,1.0,1.01,0.9554040000000001,0.969304,57242700,320322304
431,2017-08-02,0.9965809999999999,1.01,0.985239,1.0,84592704,318408704
432,2017-08-01,1.0,1.02,0.988123,0.996819,170044992,320388192
433,2017-07-31,1.0,1.01,0.995719,1.0,75184896,319511648
434,2017-07-30,0.996776,1.0,0.991188,0.998868,60213000,318471136
435,2017-07-29,0.999755,1.01,0.993449,0.996619,73768304,319422912
436,2017-07-28,0.9960600000000001,1.01,0.9904850000000001,1.0,116290000,318242336
437,2017-07-27,0.9988389999999999,1.01,0.991769,0.997275,79850000,319130336
438,2017-07-26,0.9986450000000001,1.01,0.989915,0.9969549999999999,111957000,319068416
439,2017-07-25,0.9942840000000001,1.02,0.9847540000000001,0.9998020000000001,220992000,317675040
440,2017-07-24,0.999919,1.0,0.9888389999999999,0.9939969999999999,75766896,319475360
441,2017-07-23,0.9947729999999999,1.01,0.990375,0.997761,114229000,317831296
442,2017-07-22,0.9996120000000001,1.0,0.986424,0.9932,131558000,319377280
443,2017-07-21,0.9986360000000001,1.02,0.984893,0.997202,168919008,319065408
444,2017-07-20,0.99098,1.02,0.9767020000000001,0.986866,278993984,306709536
445,2017-07-19,1.0,1.03,0.980136,1.0,199312000,309942048
446,2017-07-18,0.9950209999999999,1.02,0.982123,0.998216,238396000,293035072
447,2017-07-17,0.988208,1.01,0.9839700000000001,0.9968879999999999,171476000,291008736
448,2017-07-16,1.0,1.02,0.969665,0.9991610000000001,177914000,295162368
449,2017-07-15,1.0,1.02,0.9884860000000001,1.0,125229000,290061056
450,2017-07-14,1.0,1.01,0.994217,1.0,93146704,289634624
451,2017-07-13,0.999669,1.02,0.99941,1.0,104236000,268892256
452,2017-07-12,1.01,1.02,0.99549,0.9974559999999999,131420000,260928816
453,2017-07-11,1.02,1.04,0.9987739999999999,1.01,173424000,239198384
454,2017-07-10,1.01,1.02,0.9915149999999999,1.01,132682000,221114096
455,2017-07-09,0.9996010000000001,1.01,0.998527,1.01,45640800,219893504
456,2017-07-08,1.01,1.02,0.997497,0.999725,62607300,221836720
457,2017-07-07,1.0,1.02,1.0,1.01,84663200,220508816
458,2017-07-06,0.995936,1.01,0.995936,1.0,44331000,219086608
459,2017-07-05,1.0,1.02,0.994445,0.99646,66727600,220125888
460,2017-07-04,0.9996010000000001,1.01,0.9872139999999999,0.998828,87707904,219892848
461,2017-07-03,1.01,1.02,0.992834,1.0,87514200,223016704
462,2017-07-02,1.02,1.03,1.01,1.02,76519200,219180432
463,2017-07-01,1.01,1.04,1.01,1.02,82133800,217215408
